,Symbol,Current Price,Future Price,Percent Increase,Error,Error Percentage,Floor,Ceiling,Variance Score
0,MMM,147.14,134.0149273050265,-8.920125523293109,9.478864837325924,6.442072065601417,124.53606246770057,143.49379214235242,0.950220589760996
0,AOS,59.87,68.71924502582988,14.780766704242332,4.780139829207311,7.984198812773194,63.93910519662256,73.49938485503719,0.9317678245652535
0,ABT,118.01,121.81293586428365,3.222553905841563,5.291965464240796,4.4843364666052,116.52097040004284,127.10490132852445,0.9704939419180373
0,ABBV,156.31,152.7455237867398,-2.280389107069414,15.20748677962946,9.729055581619512,137.53803700711035,167.95301056636924,-0.20190879103698212
0,ABMD,287.22,297.2195325884022,3.4814889591261666,38.149277516831994,13.282249675103403,259.0702550715702,335.3688101052342,0.9121479940044921
0,ACN,313.84,385.5492998817899,22.848999452520367,20.22127407437769,6.443179350744867,365.32802580741225,405.7705739561676,0.937955208878016
0,ATVI,76.7,79.63827011377725,3.8308606437773784,5.302610316438317,6.91344239431332,74.33565979733893,84.94088043021557,0.9575498025776502
0,ADM,92.51,109.3345474631642,18.186733826790835,3.371704028217594,3.644691415217375,105.9628434349466,112.70625149138179,0.9383520036733634
0,ADBE,410.53,475.6642119496537,15.865883601601283,37.429059136975596,9.117253096479088,438.2351528126781,513.0932710866293,0.9537042603408878
0,ADP,229.68,233.61216083919862,1.7120170842905846,9.50377746448779,4.137834145109626,224.10838337471083,243.11593830368642,0.9686080967943538
0,AAP,209.39,191.25774662694312,-8.659560329078209,17.791913608149223,8.497021638162867,173.4658330187939,209.04966023509235,0.7963019449293319
0,AES,21.04,22.40548659876719,6.489955317334561,1.3476570264303573,6.405214003946566,21.057829572336832,23.75314362519755,0.9344921086248857
0,AFL,59.26,64.8142277741008,9.372642210767479,4.496771901248294,7.588207730759862,60.317455872852506,69.3109996753491,0.8709194739168218
0,A,121.06,123.4178340465296,1.9476573984219536,8.028085072012367,6.631492707758439,115.38974897451723,131.44591911854198,0.9426507333643739
0,AIG,60.04,64.33426300986321,7.152336791910741,6.2678020074237155,10.439377094309986,58.06646100243949,70.60206501728692,0.6646692273507018
0,APD,240.48,247.05728689339594,2.7350660734347665,10.880305575319873,4.5244118327178455,236.17698131807606,257.9375924687158,0.9751042092386565
0,AKAM,115.83,116.43845236796187,0.5252977363048306,7.121274033097411,6.148039396613495,109.31717833486447,123.55972640105928,0.9212228100714406
0,ALK,55.54,52.85684490834683,-4.831031853894796,8.575399258248636,15.440041876572986,44.28144565009819,61.43224416659547,0.8401384864354544
0,ALB,195.26,193.88681709056254,-0.7032586855666545,15.573793323336812,7.975926110486947,178.31302376722573,209.46061041389936,0.8970442096792559
0,ARE,190.44,204.4379410071747,7.350315588728562,9.40869646937827,4.9405043422486195,195.02924453779642,213.84663747655296,0.9596748788412144
0,ALGN,304.66,133.78616749004914,-56.086730292769275,49.80519791748408,16.34779686124994,83.98096957256506,183.5913654075332,0.9281829249279104
0,ALLE,119.2,108.08916871809033,-9.32116718281012,17.284439721761952,14.500368894095597,90.80472899632838,125.37360843985229,0.5408226487268502
0,LNT,61.23,58.46353919747662,-4.518146010980528,2.7783110460963716,4.537499666987379,55.68522815138025,61.24185024357299,0.9606573121026722
0,ALL,130.34,130.10768016264774,-0.17824139738550349,6.556050467725593,5.029960463192875,123.55162969492214,136.66373063037332,0.9535401214818173
0,GOOGL,2370.45,2222.695033038268,-6.233203272025644,151.82296336743286,6.404816105272538,2070.872069670835,2374.5179964057006,0.9487094410469453
0,GOOG,2388.23,2234.4100759979337,-6.440750011601326,145.81155682426342,6.105423548999193,2088.5985191736704,2380.221632822197,0.9539308760689632
0,MO,55.2,54.3472445564239,-1.5448468180726427,2.7905948079495735,5.055425376720241,51.55664974847433,57.13783936437348,0.9429187090132644
0,AMZN,2891.93,2766.9955585665302,-4.320105999573631,200.5868188213618,6.936088315462746,2566.4087397451685,2967.582377387892,0.9622644268722144
0,AMCR,12.14,11.381390934226161,-6.248839092041514,0.5584592433757555,4.60015851215614,10.822931690850405,11.939850177601917,0.8464184351582328
0,AMD,89.64,143.30704037541,59.86952295338017,8.295253994444474,9.253964741682813,135.01178638096553,151.60229436985446,0.9309696628631973
0,AEE,95.45,92.75902566868535,-2.8192502161494493,4.2056535965413175,4.406132631263821,88.55337207214404,96.96467926522666,0.9618275004565767
0,AAL,19.43,21.059059353265184,8.384247829465696,4.568075579610297,23.510425010861024,16.490983773654886,25.62713493287548,0.9050574648899891
0,AEP,102.43,99.45609679148765,-2.903351760726691,5.2442035732108,5.119792612721664,94.21189321827686,104.70030036469845,0.9371657876081436
0,AXP,181.98,206.06383490064763,13.234330641085634,12.005357598504455,6.597075282176314,194.0584773021432,218.06919249915208,0.8859472614141
0,AMT,252.18,243.5774564161693,-3.4112711491120273,14.245114733966277,5.648788458230738,229.332341682203,257.82257115013556,0.9711461764283678
0,AWK,160.68,168.42776342226716,4.821859237159054,9.236558700408905,5.748418409515126,159.19120472185827,177.66432212267605,0.931881714918336
0,AMP,272.91,254.63164117449924,-6.697577525741371,14.38835566862952,5.272198039144596,240.24328550586972,269.01999684312875,0.9398300549795804
0,ABC,157.75,153.682177866649,-2.5786511146440594,6.8980829042188185,4.372794234053134,146.78409496243017,160.58026077086782,0.9354575018819664
0,AME,128.13,133.44134379911702,4.145277295806626,6.181876043869734,4.824690582899972,127.25946775524729,139.62321984298674,0.9591269855979246
0,AMGN,238.13,241.37246305578583,1.3616356846200883,12.00181826519943,5.040027827320972,229.3706447905864,253.37428132098526,0.958020653648652
0,APH,73.55,77.56510456179967,5.459013680217106,4.232978041393015,5.755238669467051,73.33212652040666,81.79808260319268,0.9437574634282642
0,ADI,160.45,168.19980571425185,4.830044072453643,7.181110069228248,4.475606150968058,161.0186956450236,175.3809157834801,0.9689272433271897
0,ANSS,287.31,270.15341951015944,-5.971452608625027,12.014688303840412,4.1817856335805965,258.13873120631905,282.1681078139998,0.9841373236558723
0,ANTM,516.74,506.6624325413852,-1.9502201220371496,21.42393905289126,4.145980387214316,485.23849348849393,528.0863715942764,0.9661614417179628
0,AON,317.44,317.43232330465617,-0.002418313805385708,15.03756717237642,4.73713683605608,302.3947561322797,332.4698904770326,0.9546977293843599
0,APA,41.45,42.93700806673587,3.587474226142029,8.213029499232533,19.814305185120705,34.72397856750334,51.150037565968404,0.884277754063428
0,AAPL,163.64,178.08512406284717,8.827379652192114,5.680722368413161,3.471475414576608,172.404401694434,183.76584643126034,0.9811321604822693
0,AMAT,114.63,106.32214180526717,-7.247542698013465,6.95028042983067,6.063229896040015,99.3718613754365,113.27242223509784,0.9693836528095572
0,APTV,107.84,103.53636899914636,-3.990755750049746,12.4482998595008,11.543304765857567,91.08806913964557,115.98466885864715,0.853624679483214
0,ANET,120.91,162.1602005241632,34.11645068576892,12.116255055204691,10.020887482594237,150.0439454689585,174.2764555793679,0.7374538608409638
0,AIZ,186.22,180.45861684324154,-3.0938584237774958,10.154311259985244,5.452857512611558,170.3043055832563,190.61292810322678,0.9359710048893561
0,T,19.42,16.862706469519253,-13.16834979650231,1.7872364149202518,9.20307113759141,15.075470054599002,18.649942884439504,0.5348718384791973
0,ATO,116.81,115.84569463819207,-0.8255332264428872,5.636534109544461,4.82538661890631,110.20916052864762,121.48222874773653,0.9613580675206195
0,ADSK,195.84,152.44153602827282,-22.160163384256116,15.171896404146912,7.74708762466652,137.26963962412592,167.61343243241973,0.9674880795020238
0,AZO,2014.44,2307.8420066062827,14.564941453023295,104.70396370677032,5.197671000713366,2203.138042899512,2412.545970313053,0.9325250885680557
0,AVB,239.5,221.22938015693944,-7.628651291465783,13.352812948419892,5.57528724359912,207.87656720851956,234.58219310535932,0.8911207790244735
0,AVY,183.57,170.1018158125371,-7.336811127887399,11.1710741288296,6.085457388914093,158.9307416837075,181.27288994136669,0.9587366008679064
0,BKR,31.97,30.952413680497557,-3.1829412558725068,3.366679433512442,10.530745803917554,27.585734246985115,34.31909311401,0.8080878717471449
0,BLL,82.93,91.37424647333683,10.182378479846644,5.706865985851184,6.88154586500806,85.66738048748564,97.081112459188,0.9422115268353887
0,BAC,36.81,39.9537702265734,8.540533079525648,3.751736704586522,10.192167086624618,36.20203352198688,43.70550693115992,0.8564902289133844
0,BBWI,54.36,44.153755953411746,-18.775283382244766,6.794807588506421,12.499646042138375,37.358948364905324,50.94856354191817,0.8249797100265979
0,BAX,70.8,78.58237251183164,10.992051570383676,4.542530408078579,6.416003401240931,74.03984210375306,83.12490291991021,0.9580921090303796
0,BDX,253.16,254.96059274303843,0.7112469359450202,11.774807377511964,4.651132634504647,243.18578536552647,266.7354001205504,0.9709114546545087
0,WRB,68.75,69.14635770591849,0.576520299517802,4.141210951917676,6.023579566425711,65.00514675400082,73.28756865783616,0.9076692730336754
0,BBY,93.58,87.14053867823895,-6.881236719129136,7.842725556002198,8.380771057920708,79.29781312223676,94.98326423424115,0.9361833460559524
0,BIO,513.11,514.5456421542622,0.27979227734056256,49.68131829322798,9.682391357258284,464.86432386103417,564.2269604474901,0.934784344531894
0,TECH,386.89,383.46754511725885,-0.8846067054566253,24.600658041714148,6.35856652839674,358.8668870755447,408.068203158973,0.9592163873260641
0,BIIB,210.41,209.61891329608625,-0.3759739099442716,34.840738586033325,16.558499399283935,174.77817471005292,244.45965188211957,0.6942570697792511
0,BLK,650.97,602.799678917574,-7.39977588559011,38.8011464358896,5.9605122257384515,563.9985324816845,641.6008253534636,0.963716838694105
0,BK,43.46,45.2354869442006,4.085335812702717,3.856471806418023,8.873612071831621,41.37901513778258,49.09195875061862,0.8716817534580634
0,BA,154.22,151.89169402001426,-1.5097302425014503,43.7096504571555,28.342400763296265,108.18204356285875,195.60134447716976,0.8306893776000357
0,BKNG,2317.8,2293.0169619255466,-1.0692483421543497,130.22785550640148,5.618597614393022,2162.7891064191454,2423.244817431948,0.9562952347477703
0,BWA,37.59,36.73039158062875,-2.2868007964119585,3.783427957475959,10.064985255323114,32.94696362315279,40.513819538104705,0.8101646946219989
0,BXP,123.53,118.56408255142742,-4.020009267847957,10.727665899832997,8.68425961291427,107.83641665159442,129.29174845126042,0.5759888761851655
0,BSX,42.73,44.58395648863734,4.338770158290073,2.9356375921288795,6.870202649494218,41.648318896508464,47.51959408076622,0.954432184590995
0,BMY,77.2,65.89214424275633,-14.647481550833774,4.026052909525309,5.2150944423902965,61.86609133323102,69.91819715228164,0.8929976675493245
0,AVGO,578.94,629.548731283925,8.741619387833799,39.40433819414039,6.806290495412372,590.1443930897847,668.9530694780653,0.9180086344245323
0,BR,150.22,152.84041674991022,1.7443860670418143,7.378672913266178,4.911911139173331,145.46174383664405,160.2190896631764,0.9625752765176058
0,BRO,65.77,72.46503486416987,10.179466115508395,3.5902672825002813,5.458822080736326,68.87476758166959,76.05530214667014,0.9412907553547987
0,CHRW,110.34,107.5610556088559,-2.518528540097975,5.002148178307806,4.533395122628064,102.55890743054809,112.5632037871637,0.9123699262068923
0,CDNS,159.01,157.94830057085346,-0.6676934967275838,8.807715324853126,5.53909522976739,149.14058524600034,166.75601589570658,0.9607139011546144
0,CZR,67.39,59.021959757823424,-12.417332307726037,10.663252573705288,15.82319717124987,48.35870718411814,69.68521233152872,0.8581379079638888
0,CPT,162.15,158.48468634296387,-2.260446288643936,8.031446753493166,4.9530969802609714,150.4532395894707,166.51613309645703,0.9341510735994458
0,CPB,48.27,46.1462640224745,-4.399701631500941,3.3800403209162613,7.002362380186993,42.76622370155824,49.526304343390755,0.7595252751381021
0,COF,129.38,126.63090721030312,-2.1248205207117565,12.074488184221513,9.332577047628316,114.55641902608161,138.70539539452463,0.8572460226038099
0,CAH,59.82,54.4578982458188,-8.96372743928653,5.367277429969046,8.972379521847284,49.09062081584975,59.82517567578784,0.787143371136205
0,KMX,89.1,85.68296337926586,-3.8350579357285475,11.938032889460635,13.398465644736964,73.74493048980523,97.62099626872649,0.8051124427250425
0,CCL,17.83,19.726532159322232,10.636747949087134,7.816018767817798,43.8363363310028,11.910513391504434,27.54255092714003,0.7245183482615976
0,CTLT,89.9,94.21041028625018,4.794672176029113,9.500319821270283,10.567652748910215,84.7100904649799,103.71073010752046,0.8908068232541885
0,CAT,212.44,218.7143456735066,2.953467178265212,11.786711619694785,5.548254386977399,206.92763405381183,230.5010572932014,0.9361625642856818
0,CBOE,115.27,107.30493303366711,-6.909921893235782,9.168733840090344,7.954137104268538,98.13619919357677,116.47366687375745,0.7593798347617537
0,CBRE,85.61,82.68127785136426,-3.4210047291621803,6.396348575066227,7.471496992251171,76.28492927629803,89.07762642643048,0.9115142567921924
0,CDW,168.64,157.33018772587457,-6.706482610368491,18.845357299221394,11.174903521834318,138.48483042665316,176.17554502509597,0.7916440485168001
0,CE,142.93,149.8977095965729,4.874910513239272,7.331333401670195,5.129317429280203,142.5663761949027,157.2290429982431,0.9596274748072626
0,CNC,81.59,80.64116297017608,-1.16293299402368,7.09265232708962,8.693041214719473,73.54851064308646,87.7338152972657,0.9029755795385868
0,CNP,31.44,32.25313266396188,2.586299821761706,2.3925618244227915,7.609929466993612,29.860570839539086,34.64569448838467,0.7678661180412705
0,CDAY,57.97,18.28298155258426,-68.4613048946278,14.836775309436186,25.593885301770204,3.446206243148074,33.119756862020445,-0.14812331510697097
0,CERN,93.79,93.91004521859577,0.12799362255653257,4.037641633665968,4.304980950704732,89.8724035849298,97.94768685226174,0.9002717290407197
0,CF,98.54,104.18042155901094,5.723991839873088,4.1432918900023035,4.2046802212322945,100.03712966900864,108.32371344901324,0.838489325637427
0,CRL,242.17,164.9231288940391,-31.897787135467183,18.18418903068467,7.508852884620172,146.73893986335443,183.1073179247238,0.9601567890457595
0,SCHW,69.12,70.25935688945356,1.6483751294177562,5.7911202922813185,8.378356904342185,64.46823659717224,76.05047718173488,0.9149962433912
0,CHTR,461.49,478.47270599746844,3.6799726965846435,53.899387858207334,11.679427042451046,424.5733181392611,532.3720938556758,0.8039848286778606
0,CVX,161.79,165.3836707406117,2.2211945983136916,8.942306835594325,5.52710725977769,156.44136390501737,174.32597757620604,0.7341661813729379
0,CMG,1500.82,1370.8030497760628,-8.663060874984152,84.95488782182733,5.6605647460606425,1285.8481619542356,1455.75793759789,0.9676403964350871
0,CB,211.17,210.431681531707,-0.34963227176824097,11.705187399028683,5.543016242377555,198.7264941326783,222.1368689307357,0.899634046880727
0,CHD,100.4,102.05448032740242,1.6478887723131663,4.512655548533211,4.494676841168537,97.5418247788692,106.56713587593563,0.9593697776968867
0,CI,254.24,256.4238987920253,0.8589910289589664,14.65512222250229,5.764286588460624,241.768776569523,271.0790210145276,0.9444130419246826
0,CINF,136.0,120.85732671372534,-11.134318592849013,8.373672197334683,6.157111909804914,112.48365451639066,129.23099891106003,0.9244907643281146
0,CTAS,410.7,451.8367152551714,10.016244279321018,24.84883142744221,6.050360707923597,426.98788382772915,476.6855466826136,0.9529394210681739
0,CSCO,50.63,52.607253040829164,3.9052993103479317,3.6603488888634645,7.2296047577789135,48.9469041519657,56.26760192969263,0.9326850761956501
0,C,49.51,51.05963527540371,3.129944002027285,7.222799784872715,14.588567531554666,43.836835490530994,58.28243506027642,0.6620402483634706
0,CFG,40.3,47.58555746474397,18.07830636412897,5.847929149644831,14.510990445768812,41.73762831509914,53.433486614388805,0.592942662102554
0,CTXS,100.71,97.39837279324274,-3.288280415805034,9.594858541315707,9.527215312596274,87.80351425192704,106.99323133455844,0.8956208268660555
0,CLX,148.34,141.1810197285231,-4.826061933043624,9.33018658919843,6.289730746392362,131.85083313932466,150.51120631772153,0.9631077609697363
0,CME,225.72,228.58895121353908,1.2710221573361213,11.129782909528943,4.930791648736905,217.45916830401012,239.71873412306803,0.9609251230190511
0,CMS,70.87,64.88411188261307,-8.446293378562064,2.682828235757169,3.7855626298252703,62.2012836468559,67.56694011837024,0.9732230860504002
0,KO,66.19,66.99207483027169,1.2117764470036096,3.7859200683744643,5.719776504569367,63.206154761897224,70.77799489864616,0.8421327943100178
0,CTSH,83.97,93.30119380028555,11.112532809676722,5.597246831240734,6.665769716852131,87.70394696904481,98.89844063152628,0.8771394227692517
0,CL,81.22,81.82583117899048,0.7459137884640255,3.2370779399109133,3.9855675202055076,78.58875323907957,85.0629091189014,0.9120204812766997
0,CMCSA,41.7,48.081636683473334,15.303685092262187,3.638628746920827,8.725728409882079,44.443007936552505,51.720265430394164,0.9131085903264929
0,CMA,84.66,83.09730194829172,-1.8458517029391497,9.374453326836528,11.073060863260723,73.72284862145519,92.47175527512825,0.8069749899423058
0,CAG,35.92,32.47916132457249,-9.579172258985281,2.760889659285254,7.6862184278542705,29.718271665287233,35.24005098385774,0.8468012677666654
0,COP,97.55,97.76917143148648,0.22467599332289812,6.554408119822542,6.719024213042073,91.21476331166394,104.32357955130902,0.7354222279681697
0,ED,95.44,94.28904253435303,-1.2059487276267489,4.356437125908219,4.564582068219005,89.93260540844481,98.64547966026124,0.9235526575747437
0,STZ,250.18,248.22179902845528,-0.7827168324984868,12.58105183462915,5.028799997853206,235.64074719382614,260.8028508630844,0.9678695134459594
0,COO,373.16,405.4386933450587,8.650094689961051,25.27837395853084,6.774138160180844,380.1603193865279,430.71706730358954,0.9392933864725557
0,CPRT,116.73,129.64466204635391,11.063704314532607,8.922998926561261,7.644135120844051,120.72166311979265,138.56766097291518,0.9492100050952448
0,GLW,36.4,35.91055827069067,-1.3446201354651799,2.828230636307653,7.769864385460585,33.08232763438302,38.73878890699832,0.9072222920604301
0,CTVA,57.82,31.82365502504547,-44.960818012719706,3.206523771893323,5.5457000551596725,28.617131253152145,35.03017879693879,-4.325430956975065
0,COST,562.0,585.711721767957,4.219167574369576,14.370284935398074,2.556990202028127,571.3414368325589,600.0820067033551,0.9856061644162771
0,CTRA,29.15,31.084950278542237,6.637908331191222,5.371870430720268,18.42837197502665,25.71307984782197,36.4568207092625,-0.22524322948580666
0,CCI,192.07,183.67685897197407,-4.369834449953625,10.0056172151014,5.209359720467226,173.67124175687266,193.68247618707548,0.9653827398086565
0,CSX,35.21,35.816207668417974,1.7216917592103753,1.8673906475027677,5.303580367801101,33.94881702091521,37.68359831592074,0.9594988337640432
0,CMI,194.48,200.64837484926102,3.1717270923802054,11.760833433262059,6.0473228266464725,188.88754141599895,212.40920828252308,0.9349016054165862
0,CVS,100.85,99.00494175024505,-1.8295074365443198,5.022785178180836,4.980451341775742,93.98215657206421,104.02772692842589,0.8802228471819589
0,DHI,72.86,77.69569479140046,6.636967871809585,7.812478579658474,10.72258932151863,69.88321621174198,85.50817337105893,0.8801649666037688
0,DHR,257.0,311.9948312296282,21.398767015419516,17.271505542878803,6.720430172326382,294.7233256867494,329.266336772507,0.9551819654371351
0,DRI,133.9,125.78637542575598,-6.059465701451849,12.674815923182006,9.465881944123977,113.11155950257397,138.46119134893797,0.8908510713146433
0,DVA,109.91,120.48720238413807,9.623512313836846,5.94549769194619,5.409423793964326,114.54170469219189,126.43270007608426,0.919254714913516
0,DE,384.82,423.3547250974807,10.013701236287286,19.607585733866284,5.095261611627848,403.7471393636144,442.962310831347,0.9575525170635288
0,DAL,44.33,49.063368881215865,10.677574737685248,6.7387822759358835,15.201403735474587,42.32458660527998,55.80215115715175,0.4596828295155365
0,XRAY,40.19,44.38448519479789,10.436638951972865,6.778281840458295,16.865593034233132,37.6062033543396,51.16276703525618,0.4958485258497024
0,DVN,59.89,67.24609054565735,12.28266913617857,5.397078917819502,9.011652893336954,61.849011627837854,72.64316946347685,0.8696325783782208
0,DXCM,413.23,376.1196128378797,-8.980564615860498,42.32734758620021,10.243048081262302,333.79226525167945,418.4469604240799,0.9377783855630648
0,FANG,129.47,132.9736794298551,2.7061708734495316,12.605021326453796,9.735862614083414,120.36865810340132,145.5787007563089,0.815407627093802
0,DLR,151.5,144.17785095109866,-4.8331016824431305,8.887676973837934,5.866453448077844,135.29017397726074,153.0655279249366,0.9528443770340219
0,DFS,115.98,118.56642854072561,2.2300642703273033,8.586984619807588,7.403849473881348,109.97944392091802,127.1534131605332,0.8517141816690352
0,DISH,30.52,23.930260072968622,-21.591546287783025,6.1852447440474725,20.26620165153169,17.74501532892115,30.115504817016095,0.8149413653406542
0,DIS,115.29,129.6679327057609,12.47110131473752,13.873736850493566,12.03377296425845,115.79419585526733,143.54166955625448,0.8808919837014912
0,DG,246.58,239.62902028685494,-2.8189551922885414,13.20434258566022,5.354993343199051,226.42467770119472,252.83336287251515,0.9421607368311415
0,DLTR,167.11,148.64719630482796,-11.048293755713035,10.102355145812432,6.0453325030294005,138.54484115901553,158.74955145064038,0.8606278825552158
0,D,83.87,77.71635025450814,-7.337128586493213,3.9353609793690327,4.692215308655101,73.7809892751391,81.65171123387718,0.9152629585735574
0,DPZ,353.88,414.9863071144209,17.267522073703212,34.21136178935544,9.667503614037368,380.77494532506546,449.1976689037764,0.9396344258423296
0,DOV,139.49,152.11124655292952,9.048137180392501,12.306482642687202,8.822483792879204,139.80476391024231,164.41772919561672,0.8866119167817774
0,DOW,67.81,66.14367887161794,-2.457338340041393,11.834330422048385,17.452190564884802,54.309348449569555,77.97800929366632,-11.05812040089038
0,DTE,135.52,129.04379167046136,-4.778784186495466,7.3311787279973055,5.409665531284906,121.71261294246405,136.37497039845866,0.9273705387132123
0,DUK,113.8,112.06001575513073,-1.5289843979519047,5.421411746558756,4.763982202599962,106.63860400857197,117.4814275016895,0.9159129359942795
0,DRE,59.95,62.096682523007985,3.5807881951759546,2.003578117527906,3.342081930822195,60.09310440548008,64.1002606405359,0.9751179475581737
0,DD,67.58,67.96235956756573,0.5657880549951644,6.856047614650404,10.145083774268132,61.10631195291532,74.81840718221613,0.8803460374210818
0,DXC,29.58,31.81552306721278,7.557549246831585,6.855141057656018,23.17491905901291,24.96038200955676,38.6706641248688,0.9189857855202102
0,EMN,107.39,104.50726639939967,-2.6843594381230407,7.282941507814724,6.781768793942382,97.22432489158494,111.7902079072144,0.8587715603247658
0,ETN,147.88,145.53433287917142,-1.5861963219019337,10.826480568843749,7.321125621344164,134.70785231032767,156.36081344801516,0.9335737409155244
0,EBAY,53.77,54.29146195154317,0.9698009141587693,4.324354105948765,8.042317474332835,49.967107845594406,58.615816057491934,0.911516241612435
0,ECL,175.31,144.74607584401383,-17.43421604927624,12.101186687376218,6.902736117378483,132.64488915663762,156.84726253139004,0.9446162099857767
0,EIX,70.8,69.26213943559924,-2.1721194412440137,5.796434415625834,8.187054259358522,63.465705019973406,75.05857385122508,0.7545630306847007
0,EW,109.77,116.88514181201663,6.481863725987647,4.648073636159521,4.234375180977973,112.2370681758571,121.53321544817615,0.9757274765938934
0,EA,123.41,130.4174976659997,5.67822515679417,9.824494915785534,7.9608580469860915,120.59300275021415,140.2419925817852,0.9543027861219178
0,EMR,92.31,85.90054164925641,-6.943406294814858,6.166979744060928,6.680727704540058,79.73356190519549,92.06752139331734,0.8753158387210679
0,ENPH,164.47,222.8709438442238,35.508569249239265,25.52238158604061,15.517955606518278,197.3485622581832,248.3933254302644,0.9008453029492264
0,ETR,122.32,114.88715018670337,-6.076561325455055,9.580201275582017,7.832080833536639,105.30694891112135,124.46735146228538,0.8281795986586296
0,EOG,117.77,118.79449567491974,0.8699122653644809,12.149187729465204,10.316029319406644,106.64530794545453,130.94368340438496,0.7001193171190194
0,EPAM,281.0,364.31629873734346,29.6499283762788,230.9421090154996,82.18580392010662,133.37418972184386,595.258407752843,-2.864281963487811
0,EFX,206.33,215.07530590560054,4.238504291959733,17.781953131649047,8.618210212595864,197.29335277395148,232.8572590372496,0.9147211755113405
0,EQIX,756.45,748.2659918665595,-1.081896772217672,38.24523324691064,5.055883831966506,710.0207586196489,786.5112251134701,0.9688305628054639
0,EQR,86.05,82.1423857906193,-4.541097279931083,4.3172280830874,5.017115727004533,77.8251577075319,86.4596138737067,0.9217687635781686
0,ESS,345.11,331.2448468244984,-4.017604003216835,21.74162744843377,6.299912331846011,309.50321937606464,352.9864742729321,0.9035378248988355
0,EL,272.33,282.4857203264837,3.729196315677208,16.09002073448453,5.908280664812738,266.3956995919992,298.57574106096826,0.9630727584399825
0,ETSY,101.88,43.63672076754938,-57.168511221486675,49.03797356057369,48.13307181053562,-5.401252793024312,92.67469432812307,0.6325054797178248
0,RE,282.66,298.6705302719929,5.664236281041846,25.744790308684493,9.108041572449052,272.9257399633084,324.4153205806774,0.8077552027399024
0,EVRG,69.73,68.52665471802175,-1.7257210411275703,4.631352068921508,6.641835750640339,63.89530264910024,73.15800678694325,0.9111541080166541
0,ES,90.2,87.93221336766874,-2.51417586732956,3.6376921478404864,4.032918123991671,84.29452121982825,91.56990551550922,0.9673283590140793
0,EXC,48.34,49.845714021759704,3.114840756639836,2.0399794657347963,4.2200650925419865,47.80573455602491,51.8856934874945,0.9188007070217024
0,EXPE,183.4,175.19498846134957,-4.473833990540044,14.510794966154654,7.912101944468186,160.6841934951949,189.70578342750423,0.8473294581872425
0,EXPD,102.37,103.90726625127718,1.501676517805195,6.105637744491428,5.964284208744191,97.80162850678575,110.01290399576861,0.9449609384225749
0,EXR,208.04,170.6802751305877,-17.957952734768455,7.648781183997411,3.676591609304658,163.03149394659027,178.3290563145851,0.9726209193519612
0,XOM,87.2,91.23458665865473,4.626819562677453,6.554979673853062,7.517178525060849,84.67960698480167,97.7895663325078,0.5423971466050823
0,FFIV,175.91,166.98674554738682,-5.072624894896927,15.114319866600356,8.592075417315876,151.87242568078645,182.1010654139872,0.8358008244993159
0,FDS,419.37,405.9677180216313,-3.195813238516987,17.146025960676695,4.0885199133644985,388.8216920609546,423.113743982308,0.9682077946576072
0,FAST,57.44,61.15904372638397,6.474658298022229,2.4765913150727763,4.311614406463747,58.682452411311196,63.635635041456744,0.957448767964396
0,FRT,121.49,117.62726596921857,-3.1794666481039013,12.555051366100603,10.334226163553053,105.07221460311797,130.18231733531917,0.5401906336633673
0,FDX,206.85,191.86449798402828,-7.244622681156255,16.664124522817758,8.056139484079168,175.20037346121052,208.52862250684603,0.9238436042320618
0,FITB,38.96,39.472971056948154,1.3166608237888955,3.9547653975555326,10.150835209331449,35.51820565939262,43.42773645450369,0.7916415624213338
0,FRC,153.67,161.7277775994953,5.243559315087731,17.43239340136422,11.344044642001835,144.2953841981311,179.16017100085952,0.7170966054204083
0,FE,44.74,43.248070942272534,-3.334664858577263,2.9721261459799324,6.643107165802263,40.2759447962926,46.22019708825247,0.7659511732186598
0,FIS,103.79,92.95752559950779,-10.43691531023433,9.180501331619219,8.845265759340224,83.77702426788858,102.138026931127,0.9453337479015343
0,FISV,104.74,95.38818277980226,-8.928601508686018,6.676956663620716,6.374791544415426,88.71122611618155,102.06513944342298,0.9636571382449599
0,FLT,259.07,254.95964374835603,-1.5865813300049991,23.91143772155,9.229720817365964,231.04820602680604,278.871081469906,0.8120722835428064
0,FMC,134.7,132.86101832344139,-1.3652425215728292,7.169762034412575,5.322763202978898,125.69125628902881,140.03078035785396,0.9129960159322403
0,F,14.62,13.450932542798682,-7.996357436397517,1.3334451797623903,9.120692064038238,12.117487363036291,14.784377722561073,0.6754175768751474
0,FTNT,308.65,383.68624749603623,24.311112099801147,31.623795180123246,10.245843246435525,352.062452315913,415.31004267615947,0.8891089712914075
0,FTV,58.64,53.14380301158576,-9.37277794750041,6.516899871175701,11.113403600231415,46.62690314041006,59.66070288276146,0.17562765139780878
0,FBHS,76.04,83.00529953472778,9.16004673162516,10.828147425595493,14.240067629662667,72.1771521091323,93.83344696032327,0.7221099031991401
0,FOXA,36.54,38.39025046316171,5.063630167382915,31.38819254840672,85.9009100941618,7.002057914754992,69.77844301156844,-237.70845695661254
0,FOX,33.92,32.138521087759585,-5.252001510142734,18.771037573905506,55.339143790995,13.36748351385408,50.90955866166509,-157.59883045296684
0,BEN,25.95,24.888464494531036,-4.090695589475779,3.0583837941227228,11.785679360781206,21.830080700408313,27.946848288653758,0.7922908809956424
0,FCX,41.84,51.83855087700442,23.897110126683607,3.8554811182798017,9.214821028393407,47.98306975872462,55.69403199528423,0.8744184367649075
0,AJG,179.33,179.049957180403,-0.1561606087085332,6.679508075262339,3.7247019881014545,172.37044910514066,185.72946525566533,0.9697591581401983
0,GRMN,110.64,99.47693402949517,-10.089539018894456,7.535801128606454,6.811100080085371,91.94113290088872,107.01273515810162,0.9522125583666848
0,IT,298.57,199.56825894128997,-33.158636520316854,18.58193093581116,6.223643010286085,180.9863280054788,218.15018987710113,0.922889412761618
0,GE,77.73,64.93988724952214,-16.454538467101322,14.933676011463131,19.21224239220781,50.00621123805901,79.87356326098528,0.915484619492554
0,GNRC,233.32,-16.433831714613916,-107.04347321901848,26.806468369817285,11.489142966662646,-43.2403000844312,10.372636655203369,0.9404926930464992
0,GD,241.2,239.26580955111422,-0.8019031711798408,16.48081531514111,6.832842170456514,222.7849942359731,255.74662486625533,0.9019461127030893
0,GIS,72.27,70.6602133845845,-2.2274617620250514,4.174908063513338,5.776820345251609,66.48530532107115,74.83512144809784,0.8301995560528665
0,GPC,133.19,142.8399668672355,7.245263809021307,9.212796934368912,6.91703351180187,133.62716993286656,152.0527638016044,0.8279406842933299
0,GILD,61.56,61.120920083752935,-0.713255224572884,6.595307756024777,10.713625334673127,54.525612327728155,67.71622783977772,0.8566211144870086
0,GL,101.79,102.14611224001419,0.34984992633282364,7.38413277706625,7.2542811445782975,94.76197946294793,109.53024501708045,0.9002502498361262
0,GPN,143.89,129.9904675437174,-9.659832133075685,13.970065106485146,9.708850584811417,116.02040243723224,143.96053265020254,0.9453277197930161
0,GM,38.75,51.77816056792096,33.62105953011862,5.3038298650014415,13.687302877423074,46.474330702919524,57.0819904329224,0.607103507825003
0,GS,318.41,286.90457045077346,-9.894610580454932,13.367565879219203,4.198224264068089,273.53700457155423,300.2721363299927,0.9619297666051523
0,GWW,514.93,488.3274607019848,-5.16624381916283,21.75343200382173,4.224541588919219,466.5740286981631,510.08089270580655,0.9379427658783805
0,HAL,36.72,36.406572577616316,-0.8535605184740835,5.826183419878555,15.866512581368616,30.580389157737763,42.23275599749487,0.8297539454010506
0,HIG,71.27,71.05148851543345,-0.30659672311849073,4.844443069593523,6.797310326355442,66.20704544583992,75.89593158502697,0.8951944247476794
0,HAS,89.76,92.54891694395337,3.107082156810792,9.443506200991257,10.520840241746052,83.10541074296212,101.99242314494462,0.8738492038880672
0,HCA,218.94,251.28619214981154,14.773998424139734,18.439449660215644,8.422147465157416,232.8467424895959,269.7256418100272,0.8850113313802908
0,PEAK,34.24,32.3700314022426,-5.461356885973712,2.7306631121432052,7.975067500418239,29.639368290099398,35.10069451438581,0.5823039843204563
0,HSIC,83.37,80.9817537337949,-2.8646350800109133,5.655877732378378,6.784068288806979,75.32587600141653,86.63763146617327,0.853541536362838
0,HSY,227.98,234.5936266717763,2.90096792340393,11.108248938903843,4.872466417626039,223.48537773287245,245.70187561068013,0.9251923367534419
0,HES,105.15,99.91143056542569,-4.98199660920049,9.217136119907037,8.765702444039027,90.69429444551865,109.12856668533273,0.6565635814422526
0,HPE,15.7,15.466908932604554,-1.4846564802257656,2.1661765933978687,13.797303142661585,13.300732339206686,17.63308552600242,0.27144853243885336
0,HLT,161.22,171.4186093733697,6.32589590210253,20.000601273241625,12.40578171023547,151.41800810012808,191.4192106466113,0.1842793240504912
0,HOLX,71.4,76.42432615742564,7.036871368943465,4.747403982184097,6.649025185131788,71.67692217524154,81.17173013960974,0.923292620628232
0,HD,311.76,362.9349891291058,16.414866926195092,15.709663371504426,5.039024689345788,347.2253257576014,378.6446525006102,0.9670508152273204
0,HON,189.92,186.13726267528784,-1.9917530142755657,11.581512779568119,6.098100663209835,174.5557498957197,197.71877545485597,0.9515927680329145
0,HRL,53.53,51.21962986644394,-4.316028644789959,2.2824368462701727,4.263846154063465,48.937193020173765,53.50206671271411,0.964697553522916
0,HST,21.24,19.65372265292308,-7.4683490916992445,1.6747784871932998,7.885021126145481,17.97894416572978,21.32850114011638,0.6470261179031003
0,HPQ,37.58,36.60096835105651,-2.6051933181040154,2.340046963141504,6.226841306922576,34.260921387915005,38.94101531419801,0.9059334585871847
0,HUM,458.99,452.0118071923207,-1.520336566739866,24.53081267241649,5.344520070680514,427.4809945199042,476.5426198647372,0.9608786473291683
0,HII,218.08,321.2707423330212,47.31783856062965,28.008665872077913,12.84329873077674,293.26207646094326,349.2794082050991,0.3559399126212719
0,HBAN,13.58,14.09000892064796,3.755588517289832,1.4474132588050903,10.658418695177394,12.64259566184287,15.537422179453051,0.8141881366420003
0,IEX,195.94,178.50467293252586,-8.898299003508281,10.066057338707719,5.137316187969644,168.43861559381816,188.57073027123357,0.9696660187226831
0,IDXX,448.35,457.6794993864605,2.08085187609246,36.40441603506024,8.119642251602595,421.27508335140027,494.08391542152077,0.958349565753493
0,ITW,202.72,207.9171458077908,2.5637064955558397,9.036919164618189,4.457833052791135,198.88022664317262,216.954064972409,0.9726099200328948
0,ILMN,303.06,328.83686988032423,8.505533518222208,38.38023979743031,12.664238037824296,290.4566300828939,367.21710967775454,0.9054135323409371
0,INCY,75.4,70.21692363443071,-6.874106585635664,12.324456604351006,16.345433162269238,57.89246703007971,82.54138023878173,0.8757737766734858
0,IR,45.08,45.594304338749396,1.140870316657927,11.234154478952073,24.920484647187386,34.360149859797325,56.82845881770147,-0.4509816537605964
0,INTC,46.84,44.38428185253542,-5.242779990317203,4.235805609132502,9.043137508822591,40.148476243402925,48.62008746166792,0.9067923887730268
0,ICE,119.25,135.7714378590008,13.854455227673634,4.51202617996508,3.783669752591262,131.2594116790357,140.2834640389659,0.9786015109410094
0,IBM,135.74,131.9292496256312,-2.8073894020692602,9.295832367371569,6.848263126102526,122.63341725825963,141.22508199300276,0.388159918922502
0,IP,47.48,41.72458226397157,-12.121772822300814,3.605533701290589,7.593794653097281,38.11904856268098,45.33011596526216,0.8313734473712785
0,IPG,34.1,34.03246421648009,-0.19805215108477103,2.42904219878159,7.123290905517858,31.603422017698502,36.46150641526168,0.8895780774484513
0,IFF,125.17,125.44440528687846,0.21922608203119864,11.642799388310207,9.301589349133344,113.80160589856825,137.08720467518867,0.8537323894659445
0,INTU,444.58,461.48912100595044,3.8033921917203672,31.302415235847935,7.040895954799571,430.1867057701025,492.7915362417984,0.9503282679113104
0,ISRG,243.26,257.3977382100711,5.811780897011887,17.96930625705823,7.386872587790114,239.42843195301288,275.36704446712935,0.9529898285898026
0,IVZ,19.3,17.836907788469716,-7.580788660778682,3.292491715811898,17.059542568973562,14.544416072657818,21.129399504281615,0.7070534419592982
0,IPGP,95.14,101.67138163803975,6.865021692284778,25.679453390025994,26.991227023361358,75.99192824801375,127.35083502806575,0.7424906490736563
0,IQV,219.4,154.0942466986162,-29.765612261341758,30.598970541707686,13.946659317095571,123.4952761569085,184.69321724032386,0.6306270750314038
0,IRM,55.71,55.67951330234064,-0.05472392328013109,2.895921711139944,5.198208061640538,52.7835915912007,58.57543501348058,0.9069937785205243
0,JBHT,174.59,202.11249155772384,15.764070999326329,8.935462242133168,5.117969094526129,193.1770293155907,211.047953799857,0.9360073795238366
0,JKHY,194.63,173.97830142226303,-10.6107478691553,9.597945244539572,4.931380180105622,164.38035617772346,183.5762466668026,0.9741328445563634
0,J,142.11,141.29158785898017,-0.5759004581098126,8.409019988545028,5.917261268415331,132.88256787043514,149.7006078475252,0.9165477371625342
0,JNJ,183.46,183.78913786329485,0.1794057905237345,7.088798906948028,3.8639479488433595,176.70033895634683,190.87793677024288,0.961875495228908
0,JCI,61.5,51.55911589838797,-16.164039189613057,3.865553633364327,6.285453062381019,47.693562265023644,55.4246695317523,0.9210320646996721
0,JPM,123.34,126.43820894446253,2.511925526562786,10.47394073846255,8.491925359544796,115.96426820599999,136.91214968292508,0.9291006318309568
0,JNPR,32.68,28.6736735102927,-12.259260984416454,2.6995146487455632,8.26044874157149,25.97415886154714,31.373188159038264,0.7422676332416239
0,K,69.55,70.80946346103201,1.8108748541078468,3.493279796378488,5.022688420386036,67.31618366465352,74.3027432574105,0.828336634798382
0,KEY,20.03,23.255015504275434,16.100926132178905,2.3491163682431053,11.72798985643088,20.90589913603233,25.60413187251854,0.7549562881554069
0,KEYS,145.18,159.84532663368577,10.101478601519332,16.650831963416916,11.469094891456754,143.19449467026885,176.4961585971027,0.8404149710661837
0,KMB,141.99,143.35160517663462,0.958944416250862,6.779159317039128,4.774392081864306,136.5724458595955,150.13076449367375,0.9324550447949238
0,KIM,26.35,24.239395104752475,-8.009885750464996,2.101686798433089,7.976040980770735,22.137708306319386,26.341081903185565,0.6630308440103471
0,KMI,18.5325,16.321409217460314,-11.930882409495137,1.527513131487143,8.242347937337884,14.79389608597317,17.848922348947458,0.42298022848535977
0,KLAC,332.76,382.51575162842346,14.95244369167672,17.129910705865736,5.14782747501675,365.38584092255775,399.64566233428917,0.9665764258932364
0,KHC,43.61,44.8608425462005,2.86824706764619,6.358504576021014,14.580381967486847,38.50233797017949,51.219347122221514,0.3094113128139724
0,KR,55.49,61.9118632390655,11.57300998209676,3.6429361267192646,6.565031765578058,58.26892711234623,65.55479936578476,0.8719276925366293
0,LHX,239.09,242.13888632100134,1.2752044506258553,13.173121492123709,5.5096915354568194,228.96576482887764,255.31200781312504,0.9614530936836628
0,LH,240.66,230.37744686572842,-4.272647359042459,15.380557621430661,6.390990451853512,214.99688924429776,245.75800448715907,0.9316625710387317
0,LRCX,484.49,472.329249440023,-2.51001064211378,32.90582605790631,6.791848347314973,439.42342338211665,505.2350754979293,0.969498388054704
0,LW,67.76,82.03770620712203,21.070994992801097,14.096721377884382,20.803898137373643,67.94098482923765,96.1344275850064,-1.3517470072902684
0,LVS,35.68,44.262481608868256,24.05404038359937,7.235584573409573,20.279104746103062,37.02689703545868,51.49806618227783,0.565133877286581
0,LDOS,105.03,105.89885963370307,0.8272490085718953,6.179773041103815,5.883817043800644,99.71908659259925,112.07863267480688,0.9558795847574502
0,LEN,78.59,81.5517131415254,3.768562338116044,7.605390078022657,9.67730001020824,73.94632306350275,89.15710321954805,0.8574388898227852
0,LLY,297.27,340.04810910928063,14.390321629925884,12.951967127081623,4.35697081006547,327.096141982199,353.00007623636225,0.9632906461993475
0,LNC,62.71,54.426743516814895,-13.208828708635156,7.532952817026459,12.01236296767096,46.89379069978844,61.95969633384135,0.7749123493702565
0,LIN,315.19,333.2629100357881,5.733973170401363,12.824470153009274,4.068806165490426,320.4384398827788,346.08738018879734,0.9643278147384313
0,LYV,107.92,112.4170477582993,4.167019790862958,6.882620339724197,6.377520700263341,105.5344274185751,119.2996680980235,0.9258663247114394
0,LKQ,51.12,56.18472744831888,9.907526307353054,4.333107692799104,8.47634525195443,51.85161975551978,60.517835141117985,0.8129468699581016
0,LMT,441.71,435.81829392176587,-1.3338403201725413,19.55735366803341,4.427645665263048,416.2609402537325,455.37564758979926,0.9702722927864138
0,L,64.58,61.85206615908646,-4.224115578992782,4.962269819940992,7.683911148871155,56.88979633914547,66.81433597902745,0.5114780966070642
0,LOW,205.14,241.05593882518315,17.508013466502458,12.144969987925151,5.920332449997637,228.910968837258,253.2009088131083,0.9439623191165795
0,LUMN,10.53,9.479600712238607,-9.975301878075904,1.256046855833909,11.928270235839593,8.223553856404699,10.735647568072515,0.8859682342522817
0,LYB,106.1,100.78915850292105,-5.005505652289289,10.022691526473164,9.446457612133049,90.76646697644789,110.81185002939422,0.7044345654018067
0,MTB,171.31,174.19510583593728,1.6841432700585468,16.421274794550747,9.585707077549909,157.77383104138653,190.61638063048804,0.7340812185022962
0,MRO,25.46,26.58394451024651,4.414550315186605,2.6973428970844386,10.59443400268829,23.88660161316207,29.28128740733095,0.9025170208915173
0,MPC,89.69,89.56588043266902,-0.1383872977265943,8.86140196674161,9.880033411463497,80.70447846592741,98.42728239941063,0.6520967977888315
0,MKTX,271.53,318.1602670127759,17.17315472057448,31.535440396505585,11.613980185064483,286.6248266162703,349.69570740928145,0.9594157490103222
0,MAR,184.56,174.2033167136251,-5.6115535795269285,18.640227710143286,10.099819955647641,155.56308900348182,192.84354442376838,0.8165541869057265
0,MMC,171.71,169.3184202164848,-1.3928016909412366,6.720442026747966,3.913832640351736,162.59797818973684,176.03886224323278,0.9678175409358121
0,MLM,365.86,352.2956006313907,-3.707538230090557,19.786026874843888,5.408086938950387,332.5095737565468,372.0816275062346,0.9487100176305595
0,MAS,55.06,61.171266433962955,11.099285205163367,3.837213958966435,6.969149943636823,57.33405247499652,65.00848039292939,0.9338048381530492
0,MA,378.83,341.857141739747,-9.759749296585007,25.069011198257616,6.617483092220155,316.7881305414894,366.92615293800463,0.9476217250462667
0,MTCH,81.6,55.6206033322851,-31.83749591631727,11.479427360747325,14.06792568719035,44.14117597153778,67.10003069303242,0.9292277929577357
0,MKC,103.73,95.0008124492424,-8.415296973640796,4.213418065786181,4.061908865117305,90.78739438345622,99.21423051502859,0.9682152475029107
0,MCD,254.19,259.7483625935565,2.1866960122571832,11.847257521399735,4.660788198355457,247.90110507215678,271.59562011495626,0.9595631988780182
0,MCK,320.6,323.7841141537938,0.9931734727990582,14.119788690642176,4.4041761355714835,309.6643254631516,337.90390284443595,0.9034198484050482
0,MDT,107.15,117.87827370631567,10.012387966696835,6.975495014310244,6.510028011488794,110.90277869200543,124.85376872062591,0.9427581826674211
0,MRK,88.58,90.75399972327796,2.4542783058003614,3.629309175827862,4.097210629744708,87.1246905474501,94.38330889910581,0.9540705969973358
0,FB,205.73,156.72153496013198,-23.821739678154874,28.968918534245763,14.081037541557267,127.75261642588622,185.69045349437775,0.6539412602398373
0,MET,67.77,64.11399165286934,-5.394729743442017,3.3624600043888027,4.961575925024056,60.751531648480544,67.47645165725815,0.900242777924203
0,MTD,1293.51,1533.5891393118072,18.56028475325333,94.36894854218046,7.295571626209342,1439.2201907696267,1627.9580878539878,0.9385350478478531
0,MGM,42.11,42.029218917541584,-0.1918334895711582,4.560258754747378,10.829396235448534,37.468960162794204,46.589477672288965,0.7789874411783637
0,MCHP,68.18,63.98387516477851,-6.154480544472718,5.577177890133113,8.180079040969657,58.406697274645396,69.56105305491162,0.9195943509385213
0,MU,70.18,65.64919389123315,-6.455979066353457,7.873405210525055,11.218873198240317,57.7757886807081,73.5225991017582,0.8698174698819859
0,MSFT,289.63,330.61283114392427,14.15006426955918,11.144388228078723,3.847801756751277,319.46844291584557,341.75721937200296,0.9821621724771442
0,MAA,206.13,215.25965114590144,4.429074441324143,11.534557184154956,5.595768293870352,203.7250939617465,226.7942083300564,0.927313812333571
0,MRNA,142.52,131.07875389598485,-8.027817923109149,134.92620719464904,94.67177041443237,-3.847453298664192,266.00496109063386,-1.1574846720991663
0,MHK,130.78,132.03736837397446,0.9614378146310276,21.163603816953284,16.182599645934612,110.87376455702118,153.20097219092776,0.8701263770783418
0,MOH,315.38,333.9828304915063,5.8985447686937365,19.038899424849344,6.036812551477374,314.943931066657,353.02172991635564,0.9596009615234832
0,TAP,55.1,53.075298378007574,-3.6745945952675663,5.799918522810184,10.526167917985815,47.275379855197386,58.87521690081776,0.8898765018105534
0,MDLZ,66.22,66.14862591533438,-0.10778327494053164,2.515272194387887,3.7983572853939704,63.63335372094649,68.66389810972227,0.9595076640415979
0,MPWR,412.49,443.956866006527,7.628516086820758,36.24695117921071,8.787352706540936,407.70991482731625,480.2038171857377,0.9191012869091264
0,MNST,87.81,91.44234109774698,4.136591615700924,4.496270948505721,5.120454331517733,86.94607014924125,95.9386120462527,0.9656743391730085
0,MCO,326.6,332.08802987323725,1.6803520738632116,15.315741619516068,4.689449362987161,316.7722882537212,347.4037714927533,0.9789042094591127
0,MS,83.4,82.5519140090455,-1.0168896774034764,5.135884667689045,6.158135093152333,77.41602934135646,87.68779867673454,0.9469965206420027
0,MOS,65.32,69.28203224373647,6.0655729389719415,4.387311362802842,6.716643237603863,64.89472088093362,73.66934360653931,0.8871395331796862
0,MSI,223.16,229.9642243937633,3.0490340534877536,12.919641707778114,5.789407468981051,217.04458268598518,242.8838661015414,0.951030159144357
0,MSCI,433.38,770.0260877540786,77.67919326089773,47.50446578834493,10.961388570848893,722.5216219657336,817.5305535424236,0.8883576903845483
0,NDAQ,162.55,173.50331396533147,6.73842753942262,7.139012282219551,4.3918869776804375,166.36430168311193,180.642326247551,0.9798731169873991
0,NTAP,75.0,77.78453408328642,3.712712111048555,5.559325962087362,7.4124346161164825,72.22520812119906,83.34386004537377,0.9080138696585507
0,NFLX,199.52,205.74584035220323,3.1204091580810056,44.9430202810777,22.525571512168053,160.80282007112552,250.68886063328094,0.9507142319428257
0,NWL,23.03,23.514961101587687,2.1057798592604593,2.9329429900592285,12.73531476360933,20.58201811152846,26.447904091646915,0.8758316998499084
0,NEM,73.28,78.95784230643403,7.748147252229853,4.905709141186885,6.694472081313981,74.05213316524714,83.86355144762092,0.8772035985704433
0,NWSA,20.42,20.946067424823298,2.576236164658652,1.6522696292280221,8.091428154887472,19.293797795595275,22.59833705405132,0.883894976469456
0,NWS,20.47,21.434422094646266,4.71139274375314,3.6504845782907327,17.833339415196544,17.783937516355532,25.084906672937,0.2708734748288114
0,NEE,73.49,82.20598500647611,11.860096620596149,3.451961545469778,4.697185393209659,78.75402346100634,85.65794655194588,0.9727499336999246
0,NLSN,26.84,30.16593928047132,12.391726082232935,3.3695118605374543,12.554068034789323,26.796427419933867,33.53545114100878,0.7828329601787882
0,NKE,127.05,149.7316848099581,17.852565769349148,11.170339878876602,8.792081762201184,138.5613449310815,160.9020246888347,0.9186087744229092
0,NI,30.06,30.6158734230753,1.8492129842824445,1.6071475477220556,5.346465561284284,29.008725875353242,32.22302097079736,0.9505544584221829
0,NDSN,220.64,224.7948717745021,1.8830999703145945,8.98525863242052,4.072361599175363,215.8096131420816,233.7801304069226,0.9726758414964694
0,NSC,265.85,259.6626638107264,-2.3273786681488273,16.7531945868388,6.301747070467857,242.90946922388758,276.41585839756516,0.9403850188749118
0,NTRS,107.33,108.66788359677594,1.2465141123413126,6.783681129501098,6.320396095687225,101.88420246727483,115.45156472627704,0.9168662494556691
0,NOC,445.17,444.96813053630467,-0.04534660100531385,22.163249139324908,4.9786034861569535,422.80488139697974,467.1313796756296,0.9646199951557741
0,NLOK,25.74,26.909191869395727,4.54231495491737,1.7428765610018342,6.7710822105743365,25.16631530839389,28.652068430397563,0.9018347342833662
0,NCLH,20.62,20.556665900416192,-0.3071488825596935,48.187242599405664,233.69176818334464,-27.630576698989472,68.74390849982186,-6.36388462441886
0,NRG,36.8,35.37571180592158,-3.8703483534739513,3.2454391025918694,8.81912799617356,32.130272703329716,38.62115090851345,0.8930521026993997
0,NUE,160.65,161.1750512177423,0.3268292671909645,6.86632091024179,4.274087090097598,154.3087303075005,168.0413721279841,0.93439973750209
0,NVDA,197.82,211.48875685999087,6.909694095637886,37.4999578170143,18.956605912958395,173.98879904297658,248.98871467700516,0.7188964348071725
0,NVR,4492.81,4649.417111129966,3.4857274429580976,415.99519074329584,9.2591316067961,4233.42192038667,5065.412301873262,0.9068681539594273
0,NXPI,177.25,184.7240000736565,4.216643200934556,14.152599382379254,7.98454125945233,170.57140069127723,198.87659945603576,0.8633809223719426
0,ORLY,623.28,667.5326094273478,7.099956588908318,36.350145152402966,5.832073089526853,631.1824642749448,703.8827545797508,0.9461071439602876
0,OXY,57.03,45.17758703628351,-20.782768654596683,8.291933996565945,14.539600204394082,36.88565303971757,53.46952103284946,0.7814209739438402
0,ODFL,292.26,356.54008001770126,21.99414220820546,12.782907090479142,4.373813416300261,343.7571729272221,369.3229871081804,0.9746786326134563
0,OMC,78.67,77.67368455213,-1.2664490248760707,6.783568129591115,8.622814452257678,70.89011642253888,84.45725268172112,0.7124935208205416
0,OKE,65.985,66.83787014352856,1.2925212450232149,10.340065331617428,15.67032709194124,56.49780481191114,77.17793547514599,0.42741331164428775
0,ORCL,76.14,70.22629020590651,-7.766889669153521,4.339431262636786,5.699279304750179,65.88685894326971,74.5657214685433,0.9336368415934142
0,PCAR,85.06,88.43825875460607,3.9716185687821204,5.007513397583304,5.887036677149429,83.43074535702276,93.44577215218938,0.9029007643143848
0,PKG,162.85,168.6322824779636,3.550680060155731,8.540961328974241,5.244679968667019,160.09132114898935,177.17324380693785,0.9433034279951782
0,PARA,29.05,28.67374324915727,-1.2952039615928834,8.724357874270082,30.03221299232386,19.949385374887186,37.39810112342735,0.34657964725480084
0,PH,276.36,289.4848259917344,4.749177157234907,19.103860942204594,6.912672218195323,270.3809650495298,308.588686933939,0.9241174763337867
0,PAYX,132.4,139.48363006701766,5.350173766629651,6.631879710599416,5.008972591087172,132.85175035641825,146.11550977761706,0.9450592419611055
0,PAYC,295.34,442.57332643256086,49.85214547049532,48.19648131303968,16.318981957418462,394.3768451195212,490.76980774560053,0.8165015785476424
0,PYPL,92.09,28.394717790026334,-69.1663396785467,26.228282870681472,28.481141134413583,2.166434919344862,54.6230006607078,0.8188924167326317
0,PENN,37.88,25.837206422977033,-31.79195770069422,7.923281955603477,20.916795025352368,17.913924467373555,33.76048837858051,0.8549507410578836
0,PNR,53.02,45.00799883370928,-15.111280962449491,4.832233869476623,9.113983156311999,40.175764964232656,49.840232703185904,0.8457931234269318
0,PEP,177.5,183.15590942242125,3.186427843617601,7.169354765575443,4.0390731073664465,175.9865546568458,190.32526418799668,0.9536109867717455
0,PKI,146.41,171.43751169280586,17.09412724049304,13.819076371494017,9.438615102447931,157.61843532131184,185.25658806429988,0.8887965859663122
0,PFE,50.51,56.20245174318643,11.26994999640949,2.934018195162921,5.808786765319582,53.26843354802351,59.13646993834935,0.8780125862078954
0,PM,102.41,85.77184808005404,-16.246608651446103,8.462190304636378,8.263050780818649,77.30965777541766,94.23403838469042,0.6105112160743837
0,PSX,87.21,63.65093517518653,-27.01417821902702,12.389435596012234,14.206439165247374,51.2614995791743,76.04037077119877,0.5930793747009458
0,PNW,73.66,68.9016507765482,-6.459882193119471,6.335352345423437,8.6008041615849,62.56629843112476,75.23700312197163,0.8695592151284731
0,PXD,234.98,251.33780578157166,6.961360873934663,22.52727648993933,9.58689100771952,228.81052929163232,273.86508227151097,0.6980684446614098
0,PNC,171.08,168.26395690941717,-1.6460387482948535,14.781410496545508,8.640057573384095,153.48254641287167,183.04536740596268,0.8864732269616294
0,POOL,417.66,586.766528203385,40.48904089531795,35.94593173378184,8.606505706503336,550.8205964696031,622.7124599371668,0.9242603971388547
0,PPG,130.85,124.68553350768343,-4.71109399489229,9.999203020052468,7.641729476539908,114.68633048763097,134.6847365277359,0.8866149316030273
0,PPL,29.14,28.01698970025609,-3.853844542703877,2.1452602788034607,7.361908986971382,25.871729421452628,30.162249979059553,0.7380540705786954
0,PFG,70.64,69.94578444472427,-0.9827513523155917,5.207273575879158,7.371565084766646,64.73851086884511,75.15305802060342,0.8662234959552352
0,PG,163.41,164.0963118064683,0.41999376199026717,6.164231352492612,3.7722485481259485,157.9320804539757,170.2605431589609,0.9586965985659177
0,PGR,110.42,109.36235309444783,-0.957839979670505,4.319551754150837,3.911928775720736,105.04280134029699,113.68190484859866,0.9785237433474594
0,PLD,173.01,172.3894567508687,-0.3586747870824136,4.497563364699133,2.5995973439102555,167.89189338616956,176.88702011556785,0.9834468383111021
0,PRU,112.12,107.72354410771004,-3.921205754807322,9.49519003569459,8.468774559128246,98.22835407201545,117.21873414340463,0.7963981055289373
0,PEG,71.15,71.46612039326646,0.44430132574344583,3.644960396607764,5.12292395868976,67.82115999665871,75.11108078987422,0.9311968660295837
0,PTC,114.39,111.42685551107206,-2.590387699036578,10.66784758299737,9.325856790801092,100.7590079280747,122.09470309406943,0.9073727138074019
0,PSA,398.97,367.3137966356444,-7.9344821325803006,14.892731494983584,3.732794820408448,352.4210651406608,382.206528130628,0.9506509747223565
0,PHM,43.52,41.62784153863322,-4.347790582184707,4.798253897308748,11.025399580213115,36.82958764132447,46.42609543594197,0.8403196522400759
0,PVH,74.81,67.1535912413458,-10.234472341470669,14.678571659421966,19.62113575647903,52.47501958192383,81.83216290076776,0.7409673641720892
0,QRVO,117.08,86.05309523993219,-26.500601947444313,14.200636769925678,12.129003049133651,71.85245847000651,100.25373200985787,0.8531910027628562
0,PWR,118.84,134.56715790110866,13.233892545530669,4.73409387871786,3.9835862325125038,129.8330640223908,139.30125177982652,0.9623160450963174
0,QCOM,148.19,168.442925110543,13.666863560660648,9.321033759040347,6.2899208847023065,159.12189135150265,177.76395886958335,0.9071271929967694
0,DGX,135.83,135.3943001878315,-0.32076846953434934,8.862120063726044,6.524420278087346,126.53218012410547,144.25642025155756,0.9194267651173048
0,RL,106.76,129.4677718752573,21.269924948723595,17.63006055296067,16.51373225267953,111.83771132229664,147.097832428218,0.5936833187525714
0,RJF,104.04,112.8667002633374,8.483948734465008,6.002048325960516,5.768981474394959,106.86465193737689,118.86874858929792,0.9224941414933334
0,RTX,98.08,97.44716438169417,-0.645223917522264,6.885759073620198,7.020553704751426,90.56140530807397,104.33292345531436,0.7883347099725132
0,O,72.463,70.07943476050423,-3.2893548976660747,6.267235990385733,8.648877344832167,63.81219877011849,76.34667075088996,0.8277788877969867
0,REG,71.93,72.6436453440765,0.9921386682559374,5.116566823846518,7.113258478863503,67.52707852022999,77.76021216792302,0.7983326152331278
0,REGN,675.58,630.5216184622841,-6.669584880801082,51.65923007224272,7.646648816164291,578.8623883900414,682.1808485345268,0.8908444168667711
0,RF,21.34,23.63645772399809,10.76128268040344,1.7368509604799727,8.138945456794623,21.89960676351812,25.373308684478065,0.8763149916624626
0,RSG,138.11,136.05625960007637,-1.4870323654504691,5.7740456036543115,4.1807585284587,130.28221399642206,141.8303052037307,0.966017454332455
0,RMD,213.51,260.2443697308918,21.888609306773343,18.226357223906028,8.536535630137243,242.01801250698574,278.4707269547978,0.9299670147664303
0,RHI,101.81,99.60985573764265,-2.1610296261245,7.228343771580385,7.099836726824855,92.38151196606226,106.83819950922303,0.8874832030829121
0,ROK,263.35,311.52919950766955,18.294740652238282,23.260214652826605,8.832433891333435,288.2689848548429,334.78941416049616,0.8889575419345235
0,ROL,34.43,33.11194843657813,-3.8282066901593637,2.3155526540180436,6.725392547249618,30.79639578256009,35.427501090596174,0.9512167936247723
0,ROP,483.39,486.71529659048247,0.6879117463088669,22.085905904773057,4.568962101982469,464.6293906857094,508.80120249525555,0.9688005844599904
0,ROST,104.17,100.57636677965638,-3.4497774986499197,9.361462957334176,8.986716864101158,91.21490382232221,109.93782973699055,0.9176404705983394
0,RCL,80.69,75.0426614349708,-6.998808483119601,20.967167195413662,25.984839751411158,54.07549423955713,96.00982863038446,0.616817413270536
0,SPGI,386.55,410.76661619172955,6.264808224480545,15.409620321878982,3.986449442990294,395.35699586985055,426.17623651360856,0.9852477961311024
0,CRM,185.74,197.77747809522407,6.480821629818068,14.12386795897359,7.60410679389124,183.65361013625048,211.90134605419766,0.951918303116739
0,SBAC,359.24,375.149425116324,4.428634093175576,19.368144675885496,5.391422078801218,355.7812804404385,394.5175697922095,0.9486876733905065
0,SLB,40.11,44.28425744643755,10.407024299270873,5.754255573914281,14.346186920753631,38.53000187252327,50.03851302035183,0.9151025372078646
0,STX,82.17,70.71084428590257,-13.945668387607924,7.610307664138206,9.26166199846441,63.10053662176436,78.32115195004077,0.8665317840577275
0,SEE,66.12,70.0163097055738,5.892785398629452,4.174512958840974,6.313540470116415,65.84179674673283,74.19082266441478,0.891135855916116
0,SRE,165.5,160.60263494111132,-2.9591329660958787,10.095516399560216,6.100009909099828,150.5071185415511,170.69815134067153,0.8750023189238096
0,NOW,504.02,604.2164688635676,19.879462891069323,52.71081989533695,10.458081007764958,551.5056489682306,656.9272887589045,0.8997379130669535
0,SHW,281.31,314.5601744478363,11.81976269874383,15.444010326960612,5.4900324648823755,299.1161641208757,330.0041847747969,0.9587681769604014
0,SBNY,251.54,261.6467541324928,4.017951074378945,25.4754727657771,10.127801846933728,236.17128136671568,287.1222268982699,0.7848274293272154
0,SPG,124.41,93.65491866743832,-24.720746991850874,18.03303474227153,14.494843454924467,75.6218839251668,111.68795340970985,0.570022722498347
0,SWKS,117.65,111.62984327539743,-5.117005290779919,12.023022409480141,10.21931356521899,99.60682086591729,123.65286568487758,0.9333598872714677
0,SJM,141.03,137.9292623089059,-2.1986369503609993,6.8285070930407405,4.8418826441471605,131.10075521586515,144.75776940194663,0.876487647433386
0,SNA,220.24,225.39510411335505,2.340675678058046,13.283095644094619,6.031191265934717,212.11200846926042,238.67819975744968,0.9245451300739325
0,SEDG,254.41,394.2101839156785,54.9507424691162,51.58294532494358,20.275517992588178,342.6272385907349,445.7931292406221,0.7379406181600461
0,SO,75.58,73.21256825315504,-3.13235213924975,3.621921113951904,4.7921687138818525,69.59064713920314,76.83448936710694,0.9121099212271346
0,LUV,46.9,44.84306415854735,-4.38579070672207,5.415007761269549,11.545858766033154,39.4280563972778,50.2580719198169,0.9077196173610795
0,SWK,127.13,111.41553990967805,-12.36093769395261,16.25174648621348,12.783565237326739,95.16379342346457,127.66728639589152,0.8382884451954195
0,SBUX,76.58,77.00832497099327,0.559317016183436,8.729149386796768,11.39873255000884,68.27917558419651,85.73747435779003,0.9089108288966798
0,STT,68.84,71.23098048965767,3.473243012285976,9.274207092327284,13.47211954143998,61.95677339733038,80.50518758198496,0.7011291557603874
0,STE,231.73,251.9797442740637,8.738507864352352,9.727395316842646,4.197728095992166,242.25234895722105,261.70713959090637,0.9740434153455071
0,SYK,252.1,270.5651527976479,7.32453502485042,15.459506995102053,6.132291549028978,255.10564580254584,286.02465979274996,0.9526893475401512
0,SIVB,515.32,454.2060897744959,-11.85940973094468,41.506436908867315,8.05449757604349,412.6996528656286,495.71252668336325,0.9247772996334768
0,SYF,37.85,32.60981252095985,-13.844616853474644,4.928080967418229,13.020028976005888,27.68173155354162,37.537893488378074,0.5232765656407394
0,SNPS,301.86,319.28921421299856,5.7739396451992775,16.82554442365492,5.57395627895545,302.4636697893436,336.1147586366535,0.9594703423381837
0,SYY,88.32,85.92633355298494,-2.7102201619282673,8.535459280273825,9.664242844512936,77.39087427271112,94.46179283325877,0.8121020801051091
0,TMUS,132.29,120.97961839090567,-8.549687511599002,6.718788293858739,5.078833089317968,114.26083009704693,127.69840668476441,0.9610940656105686
0,TROW,129.36,92.48650868639743,-28.504554200373057,10.911295593077682,8.434829617406988,81.57521309331975,103.39780427947511,0.9371439586049907
0,TTWO,123.23,142.85350333650422,15.924290624445515,12.865947305005903,10.440596693180153,129.98755603149831,155.71945064151012,0.9473232899069093
0,TPR,33.4,23.727782468638907,-28.95873512383561,4.71903123940456,14.12883604612144,19.008751229234345,28.446813708043468,0.700703476278643
0,TGT,236.39,219.56180780390423,-7.1188257523988945,13.78395410147253,5.831022505805039,205.7778537024317,233.34576190537675,0.9504445657775534
0,TEL,126.96,124.81769920343504,-1.687382479966093,6.992674100673567,5.50777733197351,117.82502510276147,131.8103733041086,0.9168487545254361
0,TDY,452.89,494.4514980035019,9.176952020027374,16.87721226741074,3.726558826074928,477.57428573609116,511.32871027091267,0.9808468670303263
0,TFX,295.5,328.1955217900977,11.06447437905167,23.737192534008145,8.032890874452841,304.45832925608954,351.93271432410586,0.9595792329574685
0,TER,111.68,124.70372092314028,11.661641227740226,10.165387187989422,9.102244974918895,114.53833373515086,134.8691081111297,0.9156270515904007
0,TSLA,877.51,1022.3011772213213,16.5002310197401,75.6975484149665,8.626402937284647,946.6036288063548,1097.9987256362879,0.9444671945892403
0,TXN,175.85,172.27499386680574,-2.032986143414417,8.123474532148345,4.6195476440991445,164.1515193346574,180.3984683989541,0.9752844324311976
0,TXT,72.05,75.6647879192351,5.017054710943936,6.559720677453985,9.104400662670347,69.10506724178111,82.22450859668908,0.808282051094605
0,TMO,558.89,649.861582349753,16.277189133774627,20.64907362443814,3.694657915589498,629.2125087253148,670.5106559741912,0.9803871556278023
0,TJX,63.34,67.53197672989336,6.618213972045073,4.288397593825045,6.770441417469285,63.24357913606831,71.8203743237184,0.9281416622286092
0,TSCO,208.48,219.62327045643724,5.345006934208207,10.076378863830575,4.833259240133622,209.54689159260667,229.6996493202678,0.9503817197002314
0,TT,145.67,123.35487997424207,-15.318953817366598,9.72417490632834,6.6754821901066395,113.63070506791372,133.0790548805704,0.957267664605102
0,TDG,618.83,629.600782860769,1.7405075482392451,63.13579170037156,10.20244521118426,566.4649911603974,692.7365745611405,0.8800075506607188
0,TRV,174.5,168.85164903609257,-3.236877343213429,10.230657740967098,5.862841112302062,158.62099129512546,179.08230677705967,0.9051861508928163
0,TRMB,67.95,59.69852097173862,-12.143456995233826,5.670321647896935,8.344844220598874,54.02819932384168,65.36884261963556,0.8977567769718433
0,TFC,50.25,51.10947311113341,1.7103942510117598,4.899265037136789,9.749781168431422,46.210208073996625,56.0087381482702,0.7897777321225916
0,TWTR,49.11,51.50757355765745,4.882047561917036,6.413229264252116,13.058907074429069,45.094344293405335,57.92080282190957,0.6586604047895976
0,TYL,403.66,408.74621004925575,1.2600232991269111,20.25684590873903,5.018294086295157,388.4893641405167,429.0030559579948,0.9753779771452954
0,TSN,95.69,91.65695467682963,-4.214698843317343,6.30922095290651,6.5933963349425335,85.34773372392311,97.96617562973614,0.9226584173111158
0,USB,50.04,46.403879240770436,-7.266428375758515,5.022770616696941,10.03751122441435,41.3811086240735,51.426649857467375,0.7514317419538901
0,UDR,56.18,56.57504591118777,0.7031789091985985,3.1629740531145916,5.630071294258796,53.41207185807318,59.73801996430236,0.9222346382614405
0,ULTA,417.42,298.6294473616872,-28.458280062841457,98.39050022024591,23.571103497735113,200.2389471414413,397.01994758193314,-1.0632439062549475
0,UAA,15.64,15.948729787593038,1.9739756239963935,1.9156165724241425,12.248187803223418,14.033113215168896,17.86434636001718,0.9587266042885259
0,UA,14.43,10.852166268642264,-24.794412552721656,2.973747316797769,20.60808951349805,7.878418951844496,13.825913585440034,0.5614006640986668
0,UNP,239.25,250.9742197499363,4.900405329126989,11.31585143867765,4.72971846966673,239.65836831125867,262.290071188614,0.9606300742979039
0,UAL,51.82,53.699257455633415,3.6265099491189057,10.647341125581496,20.54677947815804,43.05191633005192,64.3465985812149,0.6115225460146906
0,UNH,524.42,513.4314362169098,-2.095374658306348,15.658430366276813,2.9858568258794125,497.77300585063296,529.0898665831866,0.9840358605056128
0,UPS,190.16,176.0715157163213,-7.408752778543704,9.973628243796158,5.244861297747243,166.09788747252514,186.04514396011746,0.9426434558584142
0,URI,318.5,299.16805197059875,-6.069685409545134,17.863419330970768,5.608608895124259,281.304632639628,317.0314713015695,0.9562548282058648
0,UHS,124.16,146.57938856177134,18.056852900911192,14.24588489822913,11.473811934785061,132.33350366354222,160.82527346000046,0.8289924521529901
0,VLO,115.53,106.84722270107159,-7.515603998033771,10.794851893381363,9.343765163491183,96.05237080769022,117.64207459445295,0.7997252885982992
0,VTR,57.65,57.73690068662836,0.15073839831458713,7.12868972845786,12.365463535919966,50.6082109581705,64.86559041508622,0.368289806669749
0,VRSN,208.42,210.40479728737455,0.9523065384198004,13.420645745760172,6.439231237769971,196.98415154161438,223.82544303313472,0.9596001964625899
0,VRSK,212.69,228.5836500920268,7.472683291187554,11.418745858943929,5.36872718931023,217.16490423308286,240.00239595097074,0.9266102821202254
0,VZ,48.4,48.89803916992423,1.0290065494302336,2.6476312642594215,5.470312529461615,46.25040790566481,51.545670434183656,0.9149209780826694
0,VRTX,268.64,265.9298553881017,-1.0088388221777378,22.689032179051775,8.445887499647029,243.24082320904995,288.6188875671535,0.8988372197591638
0,VFC,53.23,55.73005513710086,4.696703244600542,9.612551515497408,18.058522478860432,46.117503621603454,65.34260665259828,0.7035927321173445
0,VTRS,10.49,10.129579419983202,-3.435849189864615,4.6514646508299,44.34189371620496,5.478114769153302,14.781044070813103,0.8837177018482616
0,V,220.66,188.05509704902943,-14.776082185702244,13.639055433784604,6.181027569013234,174.41604161524484,201.69415248281402,0.8965075882106881
0,VNO,40.46,45.3171281246814,12.004765508357407,6.098655866865464,15.073296754487059,39.21847225781594,51.41578399154687,0.638783497272301
0,VMC,177.88,181.85387472197908,2.2340199696307073,9.788773795635821,5.503021022956949,172.06510092634326,191.6426485176149,0.948424422862955
0,WAB,93.64,86.0687500435888,-8.085486924830409,7.6344601052241385,8.152990287509759,78.43428993836467,93.70321014881294,0.8101105305080679
0,WMT,156.21,155.29623560106484,-0.5849589648134979,7.130155156935442,4.564467804196557,148.1660804441294,162.42639075800028,0.9491944732240931
0,WBA,44.53,44.05536531267717,-1.0658762347245276,4.556304526657993,10.231988606912177,39.49906078601917,48.611669839335164,0.8923397211169187
0,WBD,18.35,20.919413173596695,14.002251627229946,6.645034375937765,36.21272139475621,14.27437879765893,27.56444754953446,0.35216548392612934
0,WM,169.65,161.34687572352777,-4.894267183302226,8.017668420153779,4.726005552698956,153.329207303374,169.36454414368154,0.9610098291213046
0,WAT,306.12,314.6530100958189,2.787472264412294,27.47420210995958,8.974977822409375,287.1788079858593,342.1272122057785,0.8991221417107601
0,WEC,102.78,99.06395046225953,-3.6155375926644084,4.849871723779507,4.718692083848517,94.21407873848003,103.91382218603903,0.9626609049528486
0,WFC,45.17,37.089534108399675,-17.889010165154584,5.860860971760171,12.97511837892444,31.228673136639504,42.95039508015984,0.6000899784896783
0,WELL,94.44,92.78617768728509,-1.7511883870339973,8.31781233937328,8.807509889213554,84.46836534791181,101.10399002665837,0.7393120993865545
0,WST,325.36,395.36300829345964,21.515554552944316,26.287550504245893,8.07952744782576,369.0754577892138,421.6505587977055,0.9445965666827029
0,WDC,52.61,46.906527821251075,-10.841041966829357,8.428268532432456,16.020278525817254,38.47825928881862,55.33479635368353,0.7500166645251494
0,WRK,49.98,49.2183561536616,-1.5238972515774218,6.122223968034249,12.249347675138553,43.096132185627354,55.34058012169585,0.5501445038734658
0,WY,41.9,39.21147981667582,-6.416515950654366,2.865051264636208,6.837831180516009,36.34642855203961,42.07653108131203,0.7659767813524029
0,WHR,185.28,184.36490073164168,-0.49390072774089244,21.00082363311311,11.334641425471238,163.36407709852858,205.36572436475478,0.7513857862503517
0,WMB,34.83,33.646220515773166,-3.3987352403871185,2.664513234687932,7.650052353396303,30.981707281085235,36.3107337504611,0.7110673051298588
0,WTW,228.9,240.40858426295017,5.027778183901344,13.878505317514353,6.063130326568087,226.53007894543583,254.2870895804645,0.9090724784209229
0,WYNN,70.74,73.11469596131064,3.356935201174238,13.765214140740428,19.45888343333394,59.34948182057022,86.87991010205107,0.8369335669378144
0,XEL,74.88,72.58597299915152,-3.0636044348937963,3.0664362624301913,4.0951338974762175,69.51953673672134,75.65240926158171,0.9701211221300469
0,XYL,83.41,81.88310104121047,-1.8305946035122034,9.182509824017002,11.00888361589378,72.70059121719346,91.06561086522747,0.8319630259086421
0,YUM,119.52,121.79509276446333,1.9035247359967755,8.651580907075083,7.238605176602311,113.14351185738825,130.4466736715384,0.9107292033130556
0,ZBRA,382.98,338.3911027369322,-11.642617698853153,26.466826157534992,6.910759349714082,311.92427657939726,364.8579288944672,0.9683087216366054
0,ZBH,124.61,119.84441547541792,-3.824399746875917,10.559423721611505,8.473977787987726,109.28499175380641,130.4038391970294,0.8605257716101254
0,ZION,57.99,62.765698668707046,8.2353831155493,4.938863470861533,8.51675025152877,57.82683519784551,67.70456213956858,0.8519090104853083
0,ZTS,181.31,195.87658348327022,8.034076158662074,16.08189978299725,8.869836072471045,179.79468370027297,211.95848326626748,0.8608854168671066
