Symbol,Current Price,Future Price,Percent Increase,Error,Error Percentage,Floor,Ceiling,Variance Score
MMM,164.08,129.6332211,-20.99389256,14.0822615,8.582558206,115.5509596,143.7154826,0.894643409
ABT,111.29,108.2491794,-2.732339502,3.373042481,3.030858551,104.8761369,111.6222218,0.971269847
ABBV,94.3,109.6748336,16.30417141,12.00159321,12.72703416,97.67324043,121.6764269,-0.805028208
ABMD,311.1,307.5943856,-1.126844877,29.22385467,9.393717348,278.3705309,336.8182403,0.942304644
ACN,240.87,247.9099379,2.922712639,11.66745687,4.843881295,236.2424811,259.5773948,0.940274709
ATVI,83.9,81.38686567,-2.995392528,6.789690913,8.09259942,74.59717476,88.17655658,0.920063557
ADBE,510.32,517.5106357,1.409044472,17.76387737,3.480929098,499.7467584,535.2745131,0.969539407
AMD,83.8,97.91602527,16.84489888,4.211606192,5.025783046,93.70441907,102.1276315,0.914517386
AAP,154.72,123.8774799,-19.9344106,20.18007078,13.04296198,103.6974091,144.0575507,0.664928157
AES,17.91,14.6966982,-17.94138359,1.71588599,9.580602961,12.98081221,16.41258419,0.643245857
AFL,36.88,34.26312084,-7.09565933,3.430643827,9.302179573,30.83247701,37.69376467,0.885806052
A,99.02,93.96374086,-5.106300891,4.176931994,4.21827105,89.78680886,98.14067285,0.940287323
APD,292.75,363.1885306,24.06098397,11.99098849,4.095982406,351.1975421,375.1795191,0.94365322
AKAM,114.06,110.0438713,-3.521066757,7.371779834,6.463071922,102.6720914,117.4156511,0.793237804
ALK,38.5,53.46228046,38.86306612,7.212797515,18.734539,46.24948294,60.67507797,0.877846101
ALB,91.13,111.3570036,22.19576822,10.91202948,11.97413528,100.4449741,122.2690331,0.613084424
ARE,170.52,187.9753844,10.23656134,7.06845625,4.145235896,180.9069282,195.0438407,0.960195522
ALXN,106.11,99.86281855,-5.887457783,16.98123364,16.00342441,82.8815849,116.8440522,0.686396358
ALGN,305.64,184.8374766,-39.52444818,37.42302395,12.24415127,147.4144526,222.2605005,0.899857509
ALLE,103.24,20.2179395,-80.41656384,12.24366366,11.8594185,7.974275836,32.46160315,0.155578417
LNT,54,51.45448265,-4.71392101,2.592412435,4.800763769,48.86207022,54.04689509,0.951507766
ALL,94.13,96.01470155,2.002232606,6.362622317,6.759399041,89.65207924,102.3773239,0.932389971
GOOGL,1628.52,1589.262352,-2.410633461,78.33079295,4.809937425,1510.931559,1667.593145,0.946701436
GOOG,1634.33,1567.169748,-4.109344634,77.17427129,4.722073956,1489.995477,1644.344019,0.947288575
MO,43.75,38.04080153,-13.0495965,3.200114569,7.314547587,34.84068696,41.2409161,0.933456913
AMZN,3400,3512.215015,3.300441622,129.7391028,3.815855965,3382.475912,3641.954118,0.961049121
AMCR,11.07,5.526722255,-50.07477638,1.605336819,14.50168762,3.921385436,7.132059074,-2.729464708
AEE,78.93,82.50109659,4.524384375,3.06283641,3.880446484,79.43826018,85.563933,0.967348074
AAL,13.28,18.28566878,37.69328897,5.28707328,39.8122988,12.9985955,23.57274206,0.755048971
AEP,78.37,93.09412834,18.78796521,4.720021321,6.022739979,88.37410702,97.81414966,0.937043282
AXP,101.53,81.07403428,-20.14770582,8.226682986,8.1027115,72.8473513,89.30071727,0.863106406
AIG,29.68,475.4153999,1501.803908,4.447509126,14.98486902,470.9678908,479.862909,0.808874966
AMT,247.97,295.0622483,18.99110712,8.587032543,3.462932025,286.4752158,303.6492809,0.973582076
AWK,141.37,163.2424193,15.47175444,5.848619237,4.137100684,157.3938,169.0910385,0.943616791
AMP,159.1,54.11783062,-65.98502161,13.34843044,8.389962562,40.76940018,67.46626105,0.717225328
ABC,98.13,102.6700447,4.626561378,6.741793493,6.870267495,95.92825119,109.4118382,0.882822137
AME,100.91,90.95463106,-9.865592048,6.073285521,6.018517016,84.88134554,97.02791659,0.891477504
AMGN,252.81,245.4961378,-2.893027252,12.18033609,4.817980339,233.3158017,257.6764739,0.931919604
APH,108.1,95.14570483,-11.9836218,7.269834972,6.725101732,87.87586986,102.4155398,0.90940653
ADI,119.04,129.1500797,8.493010518,7.494206622,6.295536477,121.6558731,136.6442863,0.916214931
ANSS,332.34,335.1734272,0.852568824,13.83675287,4.163432891,321.3366744,349.0101801,0.949586139
ANTM,274.59,255.9909922,-6.77337404,19.0391866,6.933678065,236.9518056,275.0301788,0.944403431
AON,199.58,212.9881633,6.71818986,11.57241506,5.798384138,201.4157483,224.5605784,0.942318638
AOS,49.2,44.70345945,-9.139310066,4.230445277,8.59846601,40.47301417,48.93390472,0.93246925
APA,14.6,-15.21111284,-204.1857044,8.511574965,58.29845867,-23.72268781,-6.699537878,0.812046297
AIV,36.12,38.77176909,7.341553392,3.115474541,8.625344798,35.65629454,41.88724363,0.891723554
AAPL,500.04,107.7301221,-78.45569912,4.803183591,0.960559874,102.9269385,112.5333057,0.930264642
AMAT,62.03,62.11660616,0.139619791,4.04526545,6.521466146,58.07134071,66.16187161,0.936790574
APTV,85.34,125.3639298,46.89937866,12.03303559,14.10011201,113.3308942,137.3969653,0.304827209
ADM,44.72,44.21293757,-1.133860523,3.28411115,7.343719029,40.92882642,47.49704872,0.790676915
ANET,222.18,286.9259354,29.14120777,45.45646941,20.4592985,241.469466,332.3824048,0.32378642
AJG,106,95.92862934,-9.501293076,7.012107495,6.61519575,88.91652184,102.9407368,0.886710578
AIZ,123.03,116.8744326,-5.003305986,6.868309502,5.582629848,110.0061231,123.7427421,0.940573872
T,29.9,33.01087724,10.4042717,2.251213582,7.529142413,30.75966366,35.26209082,0.728893374
ATO,98.98,110.468231,11.60661853,4.987432039,5.038828085,105.480799,115.4556631,0.964300153
ADSK,243.11,232.6363929,-4.30817619,10.95840586,4.507591566,221.677987,243.5947987,0.962008356
ADP,141.01,113.8203507,-19.2820717,9.448762895,6.700775048,104.3715878,123.2691136,0.944304783
AZO,1195.89,1439.217051,20.3469425,102.5714654,8.576998338,1336.645585,1541.788516,0.792598603
AVB,158.45,153.4151591,-3.177558126,13.86746547,8.751950438,139.5476937,167.2826246,0.831536601
AVY,116.29,112.4767949,-3.279048141,7.133129697,6.133914951,105.3436652,119.6099246,0.953252429
BKR,14.73,25.99544542,76.47960228,4.12122483,27.97844419,21.87422059,30.11667024,0.677091715
BLL,79.34,72.4942633,-8.628354805,3.280909559,4.135252784,69.21335374,75.77517286,0.949066702
BAC,26.05,3.388695958,-86.99157022,2.88805653,11.08658937,0.500639428,6.276752489,0.868376925
BK,37.55,28.9326997,-22.94886897,3.683466816,9.809498844,25.24923289,32.61616652,0.885013122
BAX,86.025,90.36545465,5.045573558,2.786559121,3.239243384,87.57889553,93.15201377,0.980074833
BDX,246.57,258.5375119,4.853596093,12.53904092,5.08538789,245.998471,271.0765528,0.964996782
BBY,111.22,89.18899794,-19.80848953,8.129395434,7.309292784,81.05960251,97.31839338,0.878293627
BIO,497.15,523.4927043,5.298743689,20.44174072,4.11178532,503.0509635,543.934445,0.955525373
BIIB,279.26,252.9322545,-9.427682273,39.06071721,13.98722238,213.8715373,291.9929717,0.636050993
BLK,594.98,593.0222904,-0.329037888,28.43483229,4.779124053,564.5874581,621.4571227,0.950956268
BA,174.2,-63.48462724,-136.4435288,32.42097759,18.61135338,-95.90560483,-31.06364965,0.913588107
BKNG,1893.5,1699.969439,-10.22078483,127.7038196,6.744326356,1572.26562,1827.673259,0.956068402
BWA,40.76,32.27704378,-20.81196325,4.751942852,11.65834851,27.52510093,37.02898663,0.713611856
BXP,88.48,56.18388168,-36.50103788,10.20520275,11.53390908,45.97867893,66.38908444,0.655819245
BSX,40.78,39.59487481,-2.906143176,2.727429542,6.688154837,36.86744527,42.32230436,0.947614829
BMY,62.51,60.14653474,-3.780939467,6.341192993,10.1442857,53.80534175,66.48772773,0.733095902
AVGO,339.14,186.7439593,-44.93602663,43.36078334,12.78551139,143.3831759,230.1047426,0.210233146
BR,138.81,142.9905696,3.011720802,8.131472321,5.857987408,134.8590973,151.122042,0.90537667
CHRW,98.26,96.39149429,-1.901593435,6.562768986,6.678983295,89.8287253,102.9542633,0.78209109
COG,19.07,18.7752082,-1.545840599,2.497855838,13.09835259,16.27735236,21.27306404,0.842449818
CDNS,109.36,126.7349445,15.88784247,3.853638535,3.523809926,122.881306,130.5885831,0.963057595
CPB,53.29,48.34262154,-9.283877771,4.376285024,8.212206838,43.96633651,52.71890656,0.754643309
COF,69.61,60.43135833,-13.18580904,10.64046192,15.28582376,49.79089641,71.07182024,0.578857188
KMX,106.54,94.94711857,-10.88124782,9.566648435,8.97939594,85.38047014,104.513767,0.692664286
CCL,16.12,-9.653276601,-159.8838499,7.596971308,47.12761357,-17.25024791,-2.056305294,0.611273371
CAT,143.37,113.6598313,-20.72272349,10.06603818,7.021021263,103.5937931,123.7258695,0.885245332
CBOE,92.41,144.3388707,56.19399495,9.352294189,10.12043522,134.9865765,153.6911649,0.378989082
CBRE,47.35,58.2449138,23.00932165,5.195982861,10.97356465,53.04893094,63.44089666,0.824087934
CDW,114.84,313.6469108,173.1164322,37.30971978,32.48843589,276.337191,350.9566306,-4.049690886
CE,102.97,107.2278537,4.135042957,10.01852762,9.729559701,97.20932611,117.2463814,0.856891223
CNC,60.49,66.72158257,10.30183927,5.972151453,9.872956609,60.74943112,72.69373403,0.91279717
CNP,19.76,19.35628697,-2.043082148,2.417209994,12.2328441,16.93907697,21.77349696,0.696521423
CTL,11.09,12.36215963,11.47123201,1.864063863,16.80851094,10.49809577,14.22622349,0.746369523
CERN,73.24,77.72124986,6.118582549,5.390774779,7.36042433,72.33047508,83.11202464,0.701123517
CF,33.24,32.62633058,-1.846177564,5.585387757,16.80321226,27.04094282,38.21171833,0.664926518
SCHW,36.08,35.00193714,-2.987979112,4.001977335,11.09195492,30.9999598,39.00391447,0.899141995
CHTR,614.29,528.7611435,-13.92320508,37.615735,6.123449023,491.1454085,566.3768785,0.254825869
CVX,84.91,73.68820383,-13.21610667,9.051102837,10.65964296,64.63710099,82.73930667,0.588794537
CMG,1279.63,1053.298746,-17.68724195,83.98894719,6.563533771,969.3097987,1137.287693,0.837837231
CHD,96.1,99.883135,3.936664932,3.592002976,3.73777625,96.29113202,103.475138,0.950462585
CI,177.08,183.8439846,3.819733769,15.00791912,8.47521974,168.8360654,198.8519037,0.914214077
CINF,80.46,129.0124809,60.34362524,6.467849667,8.03859019,122.5446312,135.4803305,0.918198235
CTAS,328.78,362.3835855,10.22069029,22.22748534,6.760595333,340.1561002,384.6110709,0.908236719
C,51.72,-13.09403016,-125.3171503,5.693643192,11.00859086,-18.78767335,-7.400386967,0.858111062
CFG,26.01,32.21833513,23.86903164,5.063066619,19.46584629,27.15526851,37.28140175,0.24321957
CTXS,142.24,129.4300886,-9.005843207,9.424258644,6.625603658,120.00583,138.8543473,0.873373932
CLX,220.69,234.8497222,6.416114118,10.78846388,4.888515057,224.0612584,245.6381861,0.90028389
CMS,59.72,65.57018163,9.796017468,2.702447141,4.525196151,62.86773449,68.27262877,0.952866285
KO,48.23,53.88445095,11.72392899,2.81444423,5.835463882,51.07000672,56.69889518,0.844938715
CTSH,67.41,77.76944824,15.36782115,4.835903621,7.173866816,72.93354462,82.60535186,0.905480407
CL,79.06,80.42599806,1.727799214,3.032862608,3.836153058,77.39313545,83.45886067,0.885489615
CMCSA,44.54,43.85885804,-1.529281465,3.166349128,7.109001185,40.69250891,47.02520716,0.864017766
CAG,38.77,41.91042837,8.100150561,2.803718325,7.231669654,39.10671005,44.7141467,0.828006215
CXO,51.81,67.57941984,30.43701956,16.64847692,32.13371341,50.93094292,84.22789675,0.769430348
COP,38.15,34.66903005,-9.124429753,7.405216651,19.4107907,27.2638134,42.0742467,0.549280768
ED,71.07,83.10454435,16.9333676,3.941036212,5.545288043,79.16350814,87.04558056,0.934739803
STZ,182.65,181.8780108,-0.422660389,11.69132587,6.400944904,170.1866849,193.5693367,0.967130079
COO,312.43,305.7237993,-2.146465037,20.46260706,6.549501347,285.2611922,326.1864063,0.924343835
CPRT,103.08,114.6998137,11.27261712,7.035570551,6.825349778,107.6642432,121.7353843,0.920250094
GLW,32.13,26.90817893,-16.25216641,2.697885509,8.396780297,24.21029342,29.60606444,0.825784453
COST,346.36,361.6729003,4.421093745,10.5788992,3.054307426,351.0940011,372.2517995,0.976002341
COTY,3.54,-18.37128392,-618.9628227,7.440995065,210.1976007,-25.81227899,-10.93028886,-3.233486697
CCI,163.42,188.3144664,15.23342702,5.223346246,3.196271109,183.0911202,193.5378127,0.973148289
CSX,75.93,64.17539823,-15.48083994,4.860923143,6.401847943,59.31447509,69.03632138,0.940088619
CMI,207.67,173.2301835,-16.58391513,13.48527648,6.493608359,159.744907,186.7154599,0.776408989
DHI,72.5,73.88889617,1.915718854,5.375693383,7.414749494,68.51320279,79.26458955,0.782391608
DHR,204.39,236.3944334,15.65851234,9.158472507,4.480880917,227.2359609,245.5529059,0.951661429
DRI,85.76,64.03405631,-25.33342314,12.2078242,14.23486963,51.82623212,76.24188051,0.812312908
DVA,86.95,106.5166275,22.50330933,7.423251936,8.53738003,99.09337552,113.9398794,0.467349176
DE,209.83,180.2286522,-14.10730009,11.81697166,5.631688349,168.4116806,192.0456239,0.90807928
DAL,30.82,52.10563571,69.06435985,6.340322754,20.57210498,45.76531295,58.44595846,0.428069095
XRAY,44.73,40.41229301,-9.652821343,5.217478264,11.66438244,35.19481475,45.62977128,0.656314226
DVN,10.76,13.25971822,23.23158199,5.095012132,47.35141386,8.164706091,18.35473035,0.873030438
DXCM,427.75,483.6673156,13.07242912,20.78407159,4.858929653,462.883244,504.4513872,0.937482362
FANG,39.77,10.72341725,-73.03641626,15.68717062,39.44473377,-4.963753365,26.41058787,0.642165067
DFS,53.71,52.73918659,-1.807509601,6.554485894,12.20347402,46.1847007,59.29367249,0.692634814
DISCA,22.86,24.08217027,5.346326631,3.533344043,15.45644813,20.54882623,27.61551431,0.797501247
DISCK,20.61,34.05310025,65.22610503,3.426152759,16.62373973,30.62694749,37.47925301,-0.12811378
DISH,34.71,32.46697879,-6.462175765,6.240768429,17.97974194,26.22621036,38.70774722,0.795241293
DLTR,96.72,111.4947817,15.27582887,8.929646426,9.232471491,102.5651353,120.4244281,0.844750997
D,78,82.37416556,5.607904564,4.126701561,5.290643027,78.247464,86.50086712,0.887146463
DPZ,416.32,397.3046133,-4.567492962,15.40140124,3.69941421,381.9032121,412.7060145,0.97812901
DOV,111.025,65.85396834,-40.68545973,7.967595986,7.176398096,57.88637235,73.82156432,0.875471376
DTE,117.02,131.2708412,12.17812445,7.312933987,6.249302672,123.9579072,138.5837752,0.915928843
DUK,79.55,84.96512438,6.807195947,4.502860417,5.660415358,80.46226396,89.46798479,0.893135685
DRE,38.94,39.52743654,1.508568425,1.742502278,4.474838927,37.78493427,41.26993882,0.934494936
DD,56.58,60.01716704,6.074879883,6.842056648,12.09271235,53.17511039,66.85922369,0.849429253
DXC,19.76,19.93398016,0.880466403,6.758957351,34.20524975,13.17502281,26.69293751,0.940957282
ETFC,54.51,54.71632548,0.378509419,10.60286538,19.45122982,44.11346011,65.31919086,0.555349575
EMN,73.89,70.56160141,-4.504531853,7.524967575,10.1840135,63.03663384,78.08656899,0.748440174
ETN,102.09,103.8477647,1.721779512,5.28128519,5.17316602,98.56647951,109.1290499,0.924130224
EBAY,56.31,44.05494021,-21.76355849,3.497654745,6.211427358,40.55728547,47.55259496,0.745811007
ECL,197.68,188.288363,-4.750929262,10.30494994,5.212945131,177.9834131,198.593313,0.923937432
EIX,51.75,70.0379555,35.33904444,7.053477084,13.62990741,62.98447841,77.09143258,0.661965559
EW,83.7,78.50015507,-6.212479008,4.587732817,5.481162267,73.91242225,83.08788789,0.947706905
EA,141.77,143.1462058,0.970731349,10.79229851,7.61254039,132.3539073,153.9385043,0.931414736
EMR,69.59,72.18229562,3.725097886,5.120030155,7.357422267,67.06226546,77.30232577,0.78833701
ETR,97.26,127.7500224,31.3489846,7.049629516,7.248231047,120.7003929,134.7996519,0.882324796
EFX,166.19,155.0169903,-6.723033678,12.46570936,7.500878125,142.551281,167.4826997,0.867605246
EQR,56.63,49.72926278,-12.1856564,4.185007872,7.390089833,45.54425491,53.91427065,0.898861651
ESS,216.64,231.5955561,6.903414006,19.04892168,8.792892209,212.5466344,250.6444778,0.900770035
EL,215.93,229.2006764,6.145823381,11.63085126,5.386398954,217.5698252,240.8315277,0.934371742
ES,84.28,95.6233424,13.45911533,3.522087202,4.179030852,92.1012552,99.1454296,0.95483993
RE,221.88,253.5587615,14.27742991,17.15293496,7.730726048,236.4058265,270.7116964,0.905322274
EXC,36.89,38.15093285,3.418088519,3.172984187,8.601204085,34.97794867,41.32391704,0.804114222
EXPE,97.735,89.01497055,-8.922115367,11.43734957,11.70240914,77.57762097,100.4523201,0.836667634
EXR,106.53,118.3375304,11.08376078,7.332718648,6.883242887,111.0048117,125.670249,0.933268389
XOM,39.74,36.95179165,-7.016125697,5.253410853,13.21945358,31.6983808,42.2052025,0.545682523
FFIV,128.76,142.5639476,10.72068005,15.22285789,11.82266068,127.3410897,157.7868055,0.596578166
FB,293.22,289.0087239,-1.436217204,20.20723771,6.89149366,268.8014862,309.2159616,-3.390820828
FAST,48.35,47.05349839,-2.681492467,2.265331373,4.685276883,44.78816702,49.31882977,0.851694661
FRT,81.41,66.63107654,-18.15369544,12.618668,15.50014495,54.01240854,79.24974454,0.590972482
FDX,218.21,164.6292332,-24.55467981,15.65691996,7.175161523,148.9723132,180.2861531,0.888849337
FIS,151.2,176.9951901,17.06031089,5.91399264,3.911370794,171.0811974,182.9091827,0.967614398
FITB,20.94,23.82602421,13.78235058,3.034529867,14.49154664,20.79149434,26.86055408,0.733820692
FRC,114.84,122.3958861,6.579489838,8.809531478,7.671135038,113.5863547,131.2054176,-0.050745579
FISV,99,118.6278421,19.82610316,4.895263407,4.944710512,113.7325787,123.5231055,0.972191954
FLS,29.75,22.11956645,-25.64851612,6.264974453,21.05873766,15.854592,28.38454091,0.74110766
FMC,109.41,97.61477978,-10.7807515,7.161794868,6.54583207,90.45298492,104.7765747,0.86402615
F,6.91,8.15934731,18.08027945,1.135409384,16.43139484,7.023937926,9.294756694,0.52109945
FTNT,132.07,177.1507115,34.1339528,14.46703254,10.95406417,162.6836789,191.617744,0.722742845
FTV,70.84,78.6434994,11.01566827,12.98992005,18.33698483,65.65357935,91.63341945,-1.672929928
BEN,21.35,16.91661324,-20.76527755,3.062945244,14.34634775,13.853668,19.97955849,0.916340328
GRMN,102.57,93.37263315,-8.966917077,6.595914503,6.430646878,86.77671865,99.96854766,0.871918004
IT,130.72,114.8174679,-12.1653397,12.12937347,9.278896471,102.6880945,126.9468414,0.886545584
GE,6.48,7.884343444,21.67196673,2.047933148,31.60390661,5.836410296,9.932276592,0.917130887
GIS,64.71,69.84217063,7.93103173,5.297174563,8.186021578,64.54499607,75.1393452,0.669230207
GM,29.69,20.03984242,-32.50305684,4.326309243,14.57160405,15.71353318,24.36615167,0.314994492
GPC,93.65,73.22280709,-21.8122722,8.080806245,8.628730641,65.14200084,81.30361333,0.645427232
GILD,65.55,79.7318225,21.63512204,6.503841692,9.921955288,73.22798081,86.23566419,0.887075015
GL,85.09,86.94869426,2.184386247,7.53568028,8.856129134,79.41301398,94.48437454,0.88467738
GPN,174.63,207.3860964,18.75742794,10.24271573,5.865381509,197.1433807,217.6288121,0.961366303
GS,210.15,246.6224828,17.3554522,19.34602441,9.205816993,227.2764584,265.9685072,0.806398444
GWW,362.47,331.7244691,-8.482227743,26.73089471,7.374650237,304.9935744,358.4553638,0.730652895
HRB,14.76,19.61140384,32.86858973,2.64319955,17.90785603,16.96820429,22.25460339,0.710729163
HAL,16.02,10.38980259,-35.14480282,6.463666582,40.34748179,3.926136007,16.85346917,0.772044465
HBI,15.73,12.26051322,-22.05649574,1.899433962,12.0752318,10.36107926,14.15994718,0.760905944
HIG,41.49,37.39285912,-9.875008147,4.890387154,11.78690565,32.50247197,42.28324627,0.854257125
HCA,134.42,45.62722672,-66.05622175,17.73035175,13.19026317,27.89687497,63.35757847,0.592411724
PEAK,28.05,26.73771582,-4.678374958,2.81170191,10.02389273,23.92601391,29.54941773,0.369675797
HSIC,66.45,73.98606804,11.34096018,5.531868832,8.32485904,68.45419921,79.51793687,0.831729358
HSY,148.7,151.3146333,1.75832769,12.43771309,8.364299319,138.8769202,163.7523464,0.68082638
HES,46.42,56.17589347,21.0165736,8.433416861,18.16763649,47.74247661,64.60931033,0.624647407
HPE,9.57,12.93607337,35.17318041,2.109411981,22.04192248,10.82666138,15.04548535,0.456803494
HLT,88.8,-0.070223605,-100.0790806,27.07263758,30.48720448,-27.14286119,27.00241398,-6.041781538
HFC,24.96,26.71578994,7.034414813,8.089544333,32.41003339,18.6262456,34.80533427,0.630226313
HOLX,61.54,67.26368753,9.300759711,4.028204471,6.545668624,63.23548305,71.291892,0.860466564
HRL,51.31,53.2132814,3.709377129,2.543242211,4.956620953,50.67003919,55.75652362,0.9421653
HST,11.33,8.612488487,-23.9850972,1.522530684,13.43804664,7.089957803,10.13501917,0.679379225
HPQ,18.7,15.82233546,-15.38858045,1.867282032,9.985465409,13.95505342,17.68961749,0.902444112
HUM,407.45,439.6401416,7.900390626,30.24486117,7.422962613,409.3952804,469.8850028,0.896737092
HBAN,9.64,12.15282308,26.06662948,1.067415742,11.0727774,11.08540734,13.22023882,0.894412829
IEX,178.74,185.0399982,3.52467172,7.823552588,4.377057507,177.2164456,192.8635508,0.96423821
IDXX,386.28,429.929395,11.29993658,17.34550876,4.490397835,412.5838863,447.2749038,0.954185108
INFO,80.24,105.2174053,31.1283715,6.206171543,7.734510896,99.01123375,111.4235768,0.496683577
ITW,198.67,191.4732659,-3.622456394,13.40674599,6.748248848,178.0665199,204.8800119,0.889935666
ILMN,351.11,362.3303573,3.195681504,26.67259367,7.596648821,335.6577637,389.002951,0.933995182
INCY,94.3,99.99828081,6.042715598,16.5767563,17.57874475,83.42152451,116.5750371,0.753017534
IR,35.29,23.18226482,-34.30925243,7.188606879,20.370096,15.99365794,30.3708717,0.575152975
INTC,49.4,53.73885394,8.783105132,3.740013159,7.570876841,49.99884078,57.47886709,0.919836109
IP,36.6,30.30535319,-17.19848854,3.584096778,9.792614147,26.72125642,33.88944997,0.795913774
IPG,18.4,18.07443194,-1.769391618,1.605802089,8.727185266,16.46862985,19.68023403,0.881996726
INTU,345,310.3185577,-10.05259197,15.86089672,4.597361369,294.457661,326.1794544,0.951302505
IQV,158.5,190.3971002,20.12435343,14.99473145,9.460398392,175.4023687,205.3918316,-0.008801243
IRM,30.45,31.38680813,3.076545583,2.921145542,9.593253011,28.46566259,34.30795367,0.73124458
J,89.08,81.90980038,-8.049168856,6.507227098,7.304924897,75.40257329,88.41702748,0.847555898
SJM,120.92,106.8259125,-11.65571243,8.495989889,7.026124619,98.32992265,115.3219024,0.791101471
JNJ,152.98,149.4917532,-2.280197943,6.870963753,4.491413095,142.6207894,156.3627169,0.937635049
JCI,40.9,43.87779696,7.280677156,2.391042887,5.846070628,41.48675407,46.26883984,0.876025644
JPM,102.35,103.9033472,1.517681698,9.615724817,9.394943642,94.2876224,113.519072,0.903042329
JNPR,23.87,21.89349613,-8.280284342,3.03697275,12.72296921,18.85652338,24.93046888,0.525849141
KEY,12.67,6.775631404,-46.52224622,2.266305327,17.88717701,4.509326077,9.041936731,0.715137035
KMB,156.2,149.1010192,-4.544802019,6.924450709,4.433067035,142.1765685,156.02547,0.903267661
KIM,11.88,12.71689764,7.044592929,2.305116976,19.40334155,10.41178066,15.02201462,0.636166765
KLAC,204.45,208.2489829,1.858147674,11.71725204,5.731108846,196.5317309,219.966235,0.914735335
KSS,21.12,-17.85771754,-184.5535869,7.985668834,37.81093198,-25.84338638,-9.872048709,0.481067271
KHC,34.76,41.25114795,18.67418857,8.858791581,25.48559143,32.39235637,50.10993953,0.423944512
LB,29.93,-0.598917071,-102.0010594,5.943441513,19.85780659,-6.542358584,5.344524442,0.886842597
LH,174.26,211.962814,21.63595435,12.94004376,7.425710866,199.0227703,224.9028578,0.847806563
LRCX,341.45,407.9658471,19.48040625,22.76149607,6.666128591,385.2043511,430.7273432,0.913971369
LW,62.45,114.4532223,83.27177306,10.44409017,16.72392342,104.0091321,124.8973124,0.448817178
LVS,50.53,40.98638342,-18.88703064,6.331583613,12.53034556,34.6547998,47.31796703,0.720777553
LEG,41.13,35.22220672,-14.36370843,4.838911308,11.7649193,30.38329541,40.06111803,0.763927304
LDOS,91.68,109.9625173,19.9416637,4.64059432,5.06173028,105.321923,114.6031116,0.95477251
LEN,75.8,81.45561643,7.461235402,6.058869769,7.993231885,75.39674667,87.5144862,0.568116212
LLY,148.97,154.6728382,3.828178931,6.575545008,4.414006181,148.0972931,161.2483832,0.955296506
LNC,37.01,42.92115042,15.97176552,7.922309159,21.40586101,34.99884126,50.84345958,0.737743234
LIN,250.93,234.9872944,-6.353447429,7.033693617,2.8030501,227.9536007,242.020988,0.94324669
LYV,57.26,34.36261177,-39.98845307,4.731895338,8.263875896,29.63071644,39.09450711,0.907136631
LMT,395.02,423.3793477,7.179218193,21.25185027,5.379942857,402.1274974,444.631198,0.958366079
L,36.78,37.2476648,1.271519294,3.537453996,9.617873834,33.7102108,40.78511879,0.531504263
LOW,166.31,147.02438,-11.59618783,9.60457358,5.775102868,137.4198064,156.6289536,0.880868666
LYB,67.87,58.81330082,-13.3441862,8.259698369,12.1698812,50.55360246,67.07299919,0.566564859
MTB,105.87,101.9134186,-3.737207351,16.33798301,15.4321177,85.57543557,118.2514016,0.759871881
MRO,5.36,15.39433532,187.2077484,4.065284258,75.84485556,11.32905106,19.45961957,0.833986331
MPC,34.98,28.71687301,-17.90487991,9.703462103,27.74002888,19.01341091,38.42033511,0.546446402
MKTX,496.2,552.6483242,11.37612338,32.38005139,6.525604874,520.2682728,585.0283756,0.918081737
MAR,101.79,64.36491625,-36.76695525,16.62236768,16.33005961,47.74254857,80.98728393,0.806822018
MLM,209.08,222.1142231,6.234084126,25.56721935,12.22843856,196.5470037,247.6814424,0.830075105
MAS,58.4,51.61746251,-11.61393406,3.270587989,5.6003219,48.34687452,54.8880505,0.910600535
MA,356,365.9564159,2.796746033,12.21728006,3.431820243,353.7391358,378.1736959,0.974316284
MKC,205.45,189.3046641,-7.858523202,8.037476524,3.912132647,181.2671876,197.3421406,0.93917285
MXIM,70.04,64.02417902,-8.589121902,3.781301948,5.398774912,60.24287707,67.80548097,0.917874021
MCD,212.19,200.9174858,-5.312462501,9.913599424,4.672038939,191.0038864,210.8310852,0.934502698
MCK,154.26,119.3036609,-22.6606632,15.54911926,10.07981282,103.7545417,134.8527802,0.821548298
MDT,106.86,120.635484,12.89115107,5.79766421,5.425476521,114.8378198,126.4331482,0.925513461
MRK,85.82,79.36559444,-7.520864084,4.388518246,5.113631142,74.9770762,83.75411269,0.917467169
MTD,968.68,1103.777285,13.94653391,45.24087433,4.670363209,1058.53641,1149.018159,0.952744826
MGM,22.81,14.13755959,-38.02034377,2.912575383,12.76885306,11.2249842,17.05013497,0.845578965
MCHP,107.41,96.25410659,-10.38627075,7.324680791,6.819365786,88.9294258,103.5787874,0.903465544
MU,44.62,49.62110973,11.20822441,6.372689077,14.28213599,43.24842066,55.99379881,0.848414807
MSFT,226.58,217.6891411,-3.923938076,4.232899144,1.868169805,213.456242,221.9220403,0.991381629
MNST,83.34,77.38397397,-7.146659509,3.443569849,4.131953262,73.94040412,80.82754381,0.959816796
MCO,292.16,302.8117663,3.645867449,14.23720738,4.873085769,288.574559,317.0489737,0.944947305
MOS,18.42,13.10145334,-28.87376035,6.318989155,34.30504427,6.782464189,19.4204425,0.689944163
MSI,151.81,158.1093924,4.149524014,6.9408168,4.572041894,151.1685756,165.0502092,0.968356363
MSCI,369.89,419.4475515,13.397916,18.24730163,4.933169761,401.2002499,437.6948531,0.95425329
MYL,16.18,15.82693639,-2.182098965,4.219640124,26.079358,11.60729626,20.04657651,0.866743504
NTAP,43.91,32.05744296,-26.99284227,6.530464714,14.87238605,25.52697825,38.58790767,0.847712576
NWL,15.96,19.59648249,22.78497799,3.418406284,21.41858574,16.1780762,23.01488877,0.890450287
NWSA,15.06,13.78466932,-8.46833123,4.00193295,26.57325996,9.782736367,17.78660227,-7.842695388
NWS,15.02,11.85278773,-21.08663294,3.4541492,22.99699867,8.398638532,15.30693693,-3.488145497
NKE,110.595,100.1484534,-9.445767508,6.109846861,5.524523587,94.03860656,106.2583003,0.932444045
NI,22.18,25.41908108,14.60361173,1.342524813,6.052862097,24.07655627,26.76160589,0.957163608
NSC,212.85,190.0347758,-10.71892139,13.08164419,6.145945123,176.9531316,203.11642,0.917400706
NCLH,16.65,955.8583518,5640.891002,81.44989114,489.1885354,874.4084607,1037.308243,-17.41276251
NRG,33.73,30.10212106,-10.75564464,4.896369442,14.5163636,25.20575162,34.9984905,0.852537592
NUE,45.55,41.94830828,-7.907116847,4.637584696,10.18130559,37.31072358,46.58589297,0.790369832
ORLY,462.58,488.3587386,5.572817381,37.2299211,8.048320528,451.1288175,525.5886597,0.866808771
OXY,13.04,-22.38013502,-271.6268023,6.941040869,53.22884102,-29.32117589,-15.43909415,0.709318782
OKE,27.04,33.27109346,23.04398469,9.069426077,33.54077691,24.20166738,42.34051954,0.619355439
ORCL,57.18,59.57021877,4.180165737,3.138840781,5.489403254,56.43137799,62.70905955,0.865079623
PH,207.79,160.1411134,-22.93127034,16.53158408,7.955909368,143.6095293,176.6726974,0.827889222
PAYX,76.54,82.92668918,8.344250296,4.804349363,6.2769132,78.12233981,87.73103854,0.932053271
PNR,45.6,36.13634705,-20.75362489,4.19088053,9.190527478,31.94546652,40.32722758,0.656743438
PBCT,10.72,12.39333293,15.60944895,1.225121545,11.42837262,11.16821138,13.61845447,0.806345832
PEP,138.4,139.6610487,0.911162322,4.897468946,3.538633632,134.7635797,144.5585176,0.957825607
PFE,37.86,36.93578645,-2.44113458,2.495541733,6.591499558,34.44024472,39.43132818,0.87042817
PM,80,36.22945342,-54.71318323,13.36379425,16.70474281,22.86565917,49.59324766,-2.394910748
PSX,60.26,68.61386735,13.86303908,13.83100076,22.95220836,54.78286659,82.44486811,0.270794406
PNW,73.23,91.10723069,24.4124412,5.438336583,7.426377964,85.66889411,96.54556727,0.90162083
PXD,105.38,75.15437846,-28.68250289,25.93415879,24.6101336,49.22021967,101.0885373,0.481881015
PFG,44.34,52.61496009,18.66251711,5.704104361,12.86446631,46.91085572,58.31906445,0.784650018
PGR,93.31,90.6432288,-2.857969351,3.803449163,4.076143139,86.83977963,94.44667796,0.968171231
PLD,101.9,112.6255444,10.52555876,4.292110641,4.2120811,108.3334337,116.917655,0.949997741
PRU,69.36,59.62370045,-14.03734076,9.303553802,13.4134282,50.32014664,68.92725425,0.758404587
PEG,52.29,55.13710093,5.444828711,3.493262672,6.680555884,51.64383826,58.63036361,0.908370841
PSA,211.27,192.275723,-8.990522575,13.8343929,6.548205091,178.4413301,206.1101159,0.890509607
PHM,45.75,43.24567561,-5.473933089,4.555625624,9.957651636,38.69004999,47.80130124,0.674299703
PVH,55.05,48.06981095,-12.67972579,16.31758043,29.64138135,31.75223052,64.38739139,0.626314693
QRVO,127.14,32.52709385,-74.41631757,11.41045936,8.974720279,21.11663448,43.93755321,0.377137535
PWR,51,36.57451819,-28.28525844,3.361900695,6.591962147,33.2126175,39.93641889,0.698621596
QCOM,116.02,91.13485463,-21.44901342,8.092006537,6.974665176,83.04284809,99.22686117,0.478940497
RL,68.24,42.76892248,-37.32572907,16.17773638,23.70711661,26.59118611,58.94665886,0.652115234
RJF,76.74,64.77051195,-15.59745642,6.810300854,8.87451245,57.96021109,71.5808128,0.883274555
O,62.5,69.19028461,10.70445537,6.174657555,9.879452087,63.01562705,75.36494216,0.820414227
REG,40.65,36.31242775,-10.67053444,5.563969162,13.68750101,30.74845859,41.87639691,0.752517007
REGN,614.97,563.6913256,-8.338402581,62.21413509,10.11661302,501.4771906,625.9054607,0.711598565
RF,11.7,7.005034978,-40.12790617,1.508113001,12.88985471,5.496921977,8.513147979,0.866262852
RMD,180.68,244.4629626,35.30161757,6.383628526,3.533112976,238.0793341,250.8465912,0.975262578
RHI,53.99,46.30652139,-14.23129952,5.64608937,10.45765766,40.66043202,51.95261076,0.799220089
ROK,232.01,235.2820428,1.410302481,16.2091014,6.986380502,219.0729414,251.4911442,0.846028559
ROL,55.18,51.74058718,-6.233078681,2.304975309,4.177193383,49.43561188,54.04556249,0.957351025
ROP,428.06,433.1292034,1.1842273,17.72943114,4.141809825,415.3997722,450.8586345,0.956690741
ROST,90.86,113.3235655,24.72327257,7.347377959,8.086482456,105.9761875,120.6709434,0.930640691
RCL,66.6,-43.43484103,-165.217479,20.00424632,30.03640589,-63.43908735,-23.43059471,0.67422851
SPGI,363.98,385.6526443,5.954350321,13.9078344,3.821043575,371.7448099,399.5604787,0.963202284
SLB,18.7,13.54231156,-27.5812216,6.680943046,35.72696816,6.861368514,20.22325461,0.819383816
SRE,123.59,107.493653,-13.02398818,7.719149229,6.245771688,99.77450378,115.2128022,0.911889056
NOW,480.55,467.1068277,-2.79745548,26.2512767,5.462756571,440.855551,493.3581044,0.832216
SHW,671.8,693.5204771,3.233176111,35.53990551,5.290250895,657.9805716,729.0603826,0.927168181
SWKS,140.1,140.7410443,0.457561936,15.93186992,11.37178438,124.8091744,156.6729142,0.730385755
SO,52.2,50.18606792,-3.858107439,2.739849851,5.248754504,47.44621807,52.92591777,0.920846557
LUV,37.65,39.78589308,5.67302279,5.636335071,14.97034548,34.14955801,45.42222815,0.895797525
SWK,159.48,143.340107,-10.12032416,13.0133046,8.159834838,130.3268024,156.3534116,0.842076089
SBUX,83.41,75.69028272,-9.255146006,5.874675105,7.043130447,69.81560761,81.56495782,0.90614195
STT,69.25,63.9383481,-7.670255446,8.237976884,11.8959955,55.70037122,72.17632499,0.744481252
STE,156.93,179.7832368,14.56269471,5.208887025,3.319242353,174.5743498,184.9921238,0.980503223
SYK,196.2,207.4480476,5.732949846,11.19042858,5.703582355,196.257619,218.6384762,0.954503464
SNPS,217.17,220.037612,1.320445749,9.576500175,4.409679134,210.4611119,229.6141122,0.933371164
SYY,60.03,64.0700769,6.730096445,7.361452261,12.26295562,56.70862463,71.43152916,0.823100585
TMUS,115.24,106.4426741,-7.633916913,6.646095836,5.767177921,99.79657831,113.08877,0.876022099
TROW,138.14,162.7401587,17.80813573,7.169973534,5.190367406,155.5701852,169.9101322,0.913697554
TTWO,172.67,136.7017449,-20.83063366,8.168787647,4.730866767,128.5329572,144.8705325,0.965794859
TPR,14.89,19.92852962,33.83834534,5.065784128,34.02138434,14.86274549,24.99431375,0.721101099
TGT,150.31,136.5558159,-9.150544908,9.041786504,6.015425789,127.5140294,145.5976025,0.784805941
TFX,380.28,383.6723536,0.89206733,21.76266853,5.722801233,361.9096851,405.4350222,0.949418976
TXN,141.49,130.7981559,-7.556607625,7.447774182,5.263816653,123.3503817,138.2459301,0.945900396
TIF,123.23,116.3155437,-5.61101701,13.34202379,10.82692834,102.97352,129.6575675,0.752180899
TJX,53.67,54.74357713,2.000330035,3.976571162,7.409299725,50.76700597,58.72014829,0.899562793
TSCO,151.02,127.2819767,-15.71846331,11.10907055,7.356026054,116.1729062,138.3910472,0.673067549
TRV,117.18,143.6217514,22.56507202,9.330488873,7.962526773,134.2912625,152.9522403,0.877706352
TFC,39.21,45.26020929,15.43027108,4.689050988,11.95881405,40.5711583,49.94926028,0.766014634
TWTR,40.39,48.14259005,19.19433041,4.59905886,11.38662753,43.54353119,52.74164891,-0.63533986
TYL,340.38,403.2884164,18.48181927,21.86236901,6.422929964,381.4260474,425.1507854,0.9306776
TSN,63.96,74.63346127,16.68771306,8.35328108,13.06016429,66.28018019,82.98674235,0.863043504
ULTA,223.95,144.8372248,-35.32608849,34.04212072,15.20076835,110.7951041,178.8793455,0.345078461
USB,36.94,41.5737517,12.54399484,4.262685651,11.53948471,37.31106604,45.83643735,0.777470282
UAA,9.92,6.756683302,-31.88827316,3.018379568,30.42721339,3.738303734,9.77506287,0.92121834
UA,8.96,8.902497623,-0.641767604,3.742127589,41.76481684,5.160370034,12.64462521,0.457107712
UNP,193.47,188.0560004,-2.798366472,10.29994384,5.323793785,177.7560566,198.3559442,0.931511485
UAL,36.22,126.1127031,248.1852653,14.19096001,39.17990062,111.9217431,140.3036631,0.389201376
UPS,160.21,132.8829311,-17.05703069,8.266069106,5.15952132,124.616862,141.1490002,0.839571778
URI,179.02,142.9445011,-20.15165842,20.36024161,11.37316591,122.5842595,163.3047427,0.766443208
UHS,111.94,105.9839188,-5.320780091,10.70243581,9.560868149,95.28148296,116.6863546,0.902513061
UNM,18.84,17.67644433,-6.175985522,4.524540655,24.01560857,13.15190367,22.20098498,0.736837336
VFC,66.62,47.03518736,-29.39779743,9.491529847,14.24726786,37.54365751,56.5267172,0.746577987
VLO,53.44,66.25418349,23.97863678,10.38509252,19.43318211,55.86909098,76.63927601,0.843185279
VAR,172.15,150.1510229,-12.77895852,9.735730931,5.655376666,140.415292,159.8867538,0.865669973
VTR,41.7,54.81162374,31.44274277,7.320057531,17.5540948,47.4915662,62.13168127,0.154506476
VRSN,207.87,234.218416,12.67542984,11.00772484,5.295485084,223.2106912,245.2261408,0.961299406
VRSK,186.61,205.4259359,10.0830266,6.788112526,3.637593122,198.6378234,212.2140485,0.954859018
VRTX,274.34,299.9637357,9.340138419,18.4521523,6.726016001,281.5115834,318.415888,0.893236093
V,211.03,317.1666963,50.2946009,27.34359622,12.95720809,289.8231001,344.5102925,0.516720831
VNO,36.88,27.45131918,-25.56583737,6.887620768,18.6757613,20.56369841,34.33893995,0.564106947
VMC,124.06,124.2224581,0.13095127,11.72842714,9.45383455,112.494031,135.9508853,0.891918778
WAB,66.23,69.20453779,4.491224208,8.923126381,13.47293731,60.28141141,78.12766417,0.749440205
WMT,136.63,131.9941923,-3.392964742,6.387624379,4.675125799,125.6065679,138.3818167,0.84572934
WBA,39.34,44.4506899,12.99107754,6.708945102,17.05374962,37.7417448,51.15963501,0.852761933
DIS,133.73,131.2516283,-1.853265343,11.75200296,8.787858342,119.4996253,143.0036312,0.824144936
WAT,215.76,205.4774765,-4.765722809,13.28769318,6.158552642,192.1897833,218.7651696,0.928086378
WFC,24.59,22.48160822,-8.574183738,5.888091345,23.94506444,16.59351687,28.36969956,0.555062524
WST,273.92,313.2353009,14.35284057,12.58686518,4.595088046,300.6484357,325.8221661,0.904785926
WDC,35.24,47.83756676,35.74791931,12.34249404,35.02410341,35.49507272,60.18006081,0.612370893
WRK,30.84,5.113070077,-83.42065474,8.443699288,27.37905087,-3.330629212,13.55676937,-0.087693716
WY,30.16,25.97594031,-13.87287694,3.080474621,10.21377527,22.89546569,29.05641493,0.591331062
WHR,177.83,178.3422277,0.288043487,19.4194027,10.92020621,158.922825,197.7616304,0.655931128
XEL,68.63,73.48439904,7.073290169,2.429496667,3.539992229,71.05490238,75.91389571,0.967830072
XLNX,103.72,127.2318482,22.66857715,10.08483231,9.723131809,117.1470159,137.3166805,0.793336597
XYL,81.21,53.65438477,-33.931308,7.510296072,9.247994178,46.1440887,61.16468084,0.658768628
YUM,95.47,93.76099436,-1.790097037,6.851000158,7.17607642,86.9099942,100.6119945,0.883728172
ZBRA,277.26,294.7256105,6.2993618,19.23456317,6.937374006,275.4910474,313.9601737,0.90317531
ZBH,140.53,154.767754,10.13146947,10.47182667,7.451666314,144.2959274,165.2395807,0.823997745
ZION,33.29,35.96633722,8.039462947,4.69890033,14.11505056,31.26743689,40.66523754,0.82611577
ZTS,159.61,177.7338417,11.35507908,28.56220123,17.89499482,149.1716405,206.2960429,-0.984109761
