Symbol,Current Price,Future Price,Percent Increase,Error,Floor,Ceiling,Variance Score
MMM,161.5,139.0532304,-13.89892856,11.00606541,128.047165,150.0592958,0.948565426
ABT,101.63,102.5766424,0.931459585,2.7093728,99.86726958,105.2860152,0.973802836
ABBV,95.2,89.02496184,-6.486384618,10.77450557,78.25045627,99.79946741,-0.839428233
ABMD,310.01,285.4739499,-7.914599566,21.6069499,263.867,307.0808998,0.96212307
ACN,236.61,235.400803,-0.511050654,7.340114216,228.0606888,242.7409173,0.970049228
ATVI,83.995,84.8116792,0.972295017,2.891588604,81.9200906,87.7032678,0.981806701
ADBE,478.48,464.6932132,-2.881371604,10.811525,453.8816881,475.5047382,0.985777365
AMD,82.77,94.33358254,13.97074126,3.1554974,91.17808514,97.48907994,0.924804456
AAP,157.44,140.4700935,-10.77864994,10.45027923,130.0198143,150.9203728,0.895007833
AES,17.95,15.97767631,-10.98787571,0.717128363,15.26054795,16.69480467,0.912444141
AFL,36.66,33.06341806,-9.810643588,2.07980154,30.98361652,35.1432196,0.964668436
A,97.78,94.43855027,-3.4173141,3.154564681,91.28398559,97.59311495,0.973629377
APD,286.07,309.8404741,8.309320823,7.553649242,302.2868248,317.3941233,0.973868928
AKAM,110.35,112.1469271,1.628388839,5.345923743,106.8010033,117.4928508,0.926496689
ALK,35.77,35.71357094,-0.157755271,5.960444701,29.75312624,41.67401564,0.928285711
ALB,91.05,88.88001571,-2.383288622,7.50536621,81.3746495,96.38538192,0.875315013
ARE,171.45,180.6134956,5.344704358,5.901019276,174.7124763,186.5145149,0.966163716
ALXN,100.97,99.07070426,-1.881049557,13.85593058,85.21477368,112.9266348,0.722463185
ALGN,297.25,284.9938583,-4.123176335,28.18078033,256.813078,313.1746387,0.915204597
ALLE,99.34,90.33056204,-9.069295308,6.876272419,83.45428962,97.20683446,0.744964372
LNT,53.62,51.87610436,-3.252323095,2.459101418,49.41700294,54.33520578,0.95301534
ALL,95.36,94.31510777,-1.0957343,4.394956654,89.92015112,98.71006442,0.970129338
GOOGL,1576.25,1527.318846,-3.104276244,62.44344445,1464.875401,1589.76229,0.957197515
GOOG,1581.75,1517.412456,-4.067491348,61.98460868,1455.427847,1579.397064,0.957503513
MO,43.5,41.63585719,-4.285385759,2.676465995,38.9593912,44.31232319,0.959889295
AMZN,3297.37,3330.666678,1.009795013,75.99589548,3254.670782,3406.662573,0.983909393
AMCR,11.28,11.97701986,6.179254076,0.917320173,11.05969969,12.89434003,-1.623754919
AEE,80.47,81.30101849,1.032705961,2.723422639,78.57759585,84.02444113,0.969342337
AAL,12.5,8.428760413,-32.5699167,3.737674891,4.691085523,12.1664353,0.926529457
AEP,79.41,88.04420606,10.87294554,4.379669054,83.664537,92.42387511,0.931684184
AXP,96.72,91.71559895,-5.174111925,7.122932495,84.59266645,98.83853144,0.863070437
AIG,29.13,66.21573357,127.3111348,4.898193377,61.3175402,71.11392695,0.792002275
AMT,247.68,278.7449682,12.54238056,6.531754003,272.2132142,285.2767222,0.984832148
AWK,144.28,138.8132358,-3.788996559,6.048838715,132.764397,144.8620745,0.919680711
AMP,155.14,133.2578466,-14.10477851,18.34994791,114.9078987,151.6077945,0.521704806
ABC,99.04,97.81914994,-1.232683823,4.575962961,93.24318698,102.3951129,0.946349693
AME,100.16,91.9434564,-8.203418128,4.406516753,87.53693965,96.34997316,0.938450387
AMGN,238.73,230.7768649,-3.331435127,7.800231007,222.9766339,238.5770959,0.972118959
APH,107.3,106.766294,-0.497396045,4.356615507,102.4096785,111.1229096,0.967976655
ADI,117.45,118.5948869,0.974786598,6.365816571,112.2290703,124.9607034,0.936177347
ANSS,328.32,323.1014796,-1.58946162,12.10776838,310.9937112,335.209248,0.948388282
ANTM,281.75,264.4108255,-6.154099211,13.20512967,251.2056958,277.6159551,0.970896135
AON,197.01,208.2974976,5.729403401,11.09769828,197.1997994,219.3951959,0.936070621
AOS,49.1,44.54629078,-9.274356861,2.501129243,42.04516154,47.04742002,0.98125003
APA,14.74,20.40484529,38.43178625,7.073493073,13.33135222,27.47833837,0.889497739
AIV,35.61,36.96951717,3.817796031,3.022660759,33.94685641,39.99217793,0.886293617
AAPL,473.1,465.1962672,-1.670626261,9.635274921,455.5609922,474.8315421,0.973504191
AMAT,63.79,64.57878785,1.236538406,3.466704912,61.11208294,68.04549276,0.957207748
APTV,84.49,71.86103075,-14.94729465,10.10742391,61.75360684,81.96845467,0.592106107
ADM,43.49,43.44073858,-0.113270673,2.013196101,41.42754248,45.45393469,0.906437418
ANET,221.38,227.5742868,2.798033585,37.69374109,189.8805457,265.2680278,0.222447859
AJG,106.37,113.7997874,6.984852308,5.883357792,107.9164296,119.6831452,0.893919514
AIZ,122.03,109.4641626,-10.29733463,7.651031488,101.8131311,117.115194,0.911808339
T,29.67,30.69801539,3.464831105,1.761673817,28.93634157,32.45968921,0.842793095
ATO,101.125,106.8434567,5.654839801,2.818325466,104.0251313,109.6617822,0.987205442
ADSK,249.15,231.3010628,-7.16393224,9.580727448,221.7203354,240.8817903,0.954607732
ADP,139.15,122.3139236,-12.09922843,6.028864257,116.2850594,128.3427879,0.970453007
AZO,1203.5,1255.002527,4.279395703,54.61227222,1200.390255,1309.6148,0.930091846
AVB,153.7,145.3159977,-5.454783511,11.96506732,133.3509304,157.2810651,0.852047377
AVY,113.44,110.0821236,-2.960046168,3.899415677,106.1827079,113.9815393,0.98717997
BKR,15.73,16.60158765,5.540925947,3.32277365,13.278814,19.9243613,0.719825817
BLL,75.76,72.34515555,-4.507450437,2.418273161,69.92688239,74.76342871,0.970426394
BAC,25.1,24.20652857,-3.559647123,2.050079319,22.15644925,26.25660789,0.935413959
BK,35.87,34.65584685,-3.384870782,2.704054757,31.95179209,37.35990161,0.943175632
BAX,82.89,89.01617852,7.390732928,2.423562184,86.59261634,91.43974071,0.982429711
BDX,258.93,276.7814247,6.894305296,8.005357099,268.7760676,284.7867818,0.983827057
BBY,111.7,97.80077162,-12.44335575,6.196458014,91.60431361,103.9972296,0.920098535
BIO,515.58,509.8052951,-1.120040519,17.01366374,492.7916314,526.8189588,0.95684305
BIIB,277.52,252.2329531,-9.111792624,20.52315948,231.7097936,272.7561126,0.894697497
BLK,583.36,577.1150044,-1.070521738,19.18310622,557.9318982,596.2981106,0.980236858
BA,169.58,175.8895962,3.720719529,33.11007852,142.7795177,208.9996747,0.910057278
BKNG,1768.69,1670.688362,-5.540916603,71.94514603,1598.743216,1742.633508,0.985454216
BWA,40.66,33.62938315,-17.29123671,3.581492341,30.04789081,37.21087549,0.837219245
BXP,85.27,80.18413162,-5.964428727,8.18697968,71.99715194,88.3711113,0.762700304
BSX,38.86,39.52179465,1.703022769,1.572786818,37.94900783,41.09458147,0.97826127
BMY,62.22,58.08165229,-6.651153502,3.956521006,54.12513129,62.0381733,0.894723666
AVGO,328.83,329.6565494,0.251360713,27.16273514,302.4938143,356.8192846,0.733173859
BR,137.3,140.9249395,2.640159838,10.29999272,130.6249467,151.2249322,0.856546075
CHRW,96.53,95.66579687,-0.895268962,3.553272737,92.11252413,99.21906961,0.942833573
COG,19.37,18.27051442,-5.676229142,1.819201172,16.45131324,20.08971559,0.899551855
CDNS,111.26,115.6839276,3.976206704,2.431340584,113.252587,118.1152682,0.97917598
CPB,52.4,48.91951601,-6.64214502,2.775624326,46.14389168,51.69514034,0.907739466
COF,64.27,65.79931821,2.379521102,9.340063252,56.45925496,75.13938146,0.704079109
KMX,106.12,100.0623162,-5.708333726,8.609544123,91.45277213,108.6718604,0.637857511
CCL,14.54,15.03799672,3.425011807,5.23599212,9.802004597,20.27398884,0.869110031
CAT,137.48,128.7586781,-6.343702258,4.906997291,123.8516808,133.6656754,0.974410583
CBOE,89.62,89.76827345,0.165446832,6.370306643,83.39796681,96.13858009,0.832057327
CBRE,44.08,44.29057258,0.477705501,4.552344593,39.73822799,48.84291718,0.838743087
CDW,112.32,116.4446391,3.672221419,9.652494602,106.7921445,126.0971337,0.799078177
CE,99.96,105.8683324,5.910696661,7.401473921,98.46685846,113.2698063,0.905321675
CNC,62.4,64.07246394,2.680230674,2.27496372,61.79750022,66.34742766,0.984724394
CNP,19.82,18.57760501,-6.268390467,1.72923259,16.84837242,20.3068376,0.858071238
CTL,11,9.913497319,-9.877297096,1.371284416,8.542212903,11.28478174,0.877002408
CERN,71.63,72.63064518,1.39696382,3.523056098,69.10758909,76.15370128,0.865453455
CF,33.1,31.95226339,-3.467482196,3.988691006,27.96357239,35.9409544,0.846506561
SCHW,34.55,34.39301946,-0.454357564,2.903374919,31.48964454,37.29639438,0.955058659
CHTR,612.54,570.3783495,-6.883085269,21.12245542,549.2558941,591.5008049,0.873652479
CVX,84.81,85.21196715,0.473961971,8.026536656,77.18543049,93.2385038,0.660100959
CMG,1239.89,1211.176501,-2.315810156,66.70226882,1144.474233,1277.87877,0.889710011
CB,123.44,131.4555678,6.493493065,9.060389507,122.3951783,140.5159573,0.918703387
CHD,96.54,98.56755612,2.100223863,3.95235063,94.61520549,102.5199067,0.932565577
CI,178.01,169.4943174,-4.783822567,12.4190947,157.0752228,181.9134121,0.953787375
CINF,77.98,92.60911762,18.76008928,4.22842328,88.38069434,96.8375409,0.957356874
CTAS,320.03,318.9105237,-0.349803542,20.34682242,298.5637013,339.2573461,0.901285745
CSCO,42.31,46.43775993,9.755991319,1.919111817,44.51864811,48.35687174,0.968006183
C,49.58,19.21509703,-61.2442577,5.588503015,13.62659402,24.80360005,0.833903314
CFG,24.3,25.65192301,5.563469179,3.336291317,22.31563169,28.98821433,-0.783617359
CTXS,141.51,137.9024288,-2.549340111,8.372247134,129.5301817,146.2746759,0.882340073
CLX,228.3,241.9420579,5.975496237,6.103311373,235.8387465,248.0453693,0.966697169
CME,173.18,166.0606961,-4.110927308,10.84157989,155.2191162,176.902276,0.94707743
CMS,60.36,63.60160304,5.370449031,1.972355609,61.62924743,65.57395864,0.979104181
KO,47.35,49.46682977,4.470601421,2.905327405,46.56150237,52.37215718,0.807329048
CTSH,66.3,66.91970546,0.934699035,5.460348605,61.45935685,72.38005407,0.868582073
CL,78.25,77.13028839,-1.430941352,2.845561567,74.28472683,79.97584996,0.91049549
CMCSA,43.27,44.04332785,1.787214812,2.738156979,41.30517087,46.78148483,0.903023891
CMA,38.83,36.49883391,-6.003518127,6.070282404,30.42855151,42.56911632,0.924592511
CAG,37.97,38.704048,1.933231511,1.831546264,36.87250174,40.53559427,0.935973554
CXO,48.53,56.78456354,17.00919748,12.86693858,43.91762496,69.65150212,0.750753778
COP,38.77,38.64075312,-0.333368268,5.085589579,33.55516354,43.7263427,0.753670439
ED,72.4,76.6685997,5.895855943,2.410657813,74.25794189,79.07925752,0.972885235
STZ,178.34,181.9509419,2.024751542,10.24301369,171.7079282,192.1939556,0.977563227
COO,299.26,293.7277079,-1.848657384,14.72970161,278.9980063,308.4574095,0.953016051
CPRT,100.39,99.40056979,-0.985586427,5.0824169,94.31815289,104.4829867,0.93695513
GLW,31.87,31.961833,0.288148742,1.377651983,30.58418102,33.33948499,0.957936576
COST,340.87,338.2186092,-0.777830493,9.115667862,329.1029413,347.3342771,0.980153317
COTY,3.8,2.132740243,-43.87525677,2.313968277,-0.181228035,4.44670852,0.698868586
CCI,162.88,174.5928806,7.191110418,3.707656228,170.8852244,178.3005369,0.986528815
CSX,73.91,74.07379588,0.221615317,4.389380889,69.68441499,78.46317677,0.937435008
CMI,209,197.0315361,-5.726537728,7.522800212,189.5087359,204.5543364,0.925325717
CVS,63.72,63.30678776,-0.648481232,4.098960887,59.20782687,67.40574865,0.942753111
DHI,74.6,70.35383174,-5.691914552,4.678021104,65.67581064,75.03185285,0.832081473
DHR,205.66,208.0604835,1.167209736,6.188493358,201.8719902,214.2489769,0.973057744
DRI,80.91,71.6494309,-11.4455186,8.497233371,63.15219753,80.14666427,0.8906525
DVA,86.72,94.63935647,9.132099245,4.183546646,90.45580982,98.82290311,0.802882099
DE,191.1,174.1525204,-8.868382844,7.578207474,166.5743129,181.7307279,0.955301971
DAL,27.62,30.07199791,8.87761735,3.795887255,26.27611066,33.86788517,0.6377307
XRAY,42,44.29880998,5.473357087,3.829502562,40.46930741,48.12831254,0.834728697
DVN,10.69,13.6412658,27.60772494,4.871749422,8.769516373,18.51301522,0.876725106
DXCM,431.88,475.2257418,10.03652446,9.28820879,465.937533,484.5139506,0.99007665
FANG,40.63,38.48687184,-5.274743201,8.619871724,29.86700011,47.10674356,0.713624151
DLR,155.15,160.411286,3.391096352,5.848795965,154.56249,166.260082,0.957352666
DFS,49.94,51.31434863,2.751999667,5.589641052,45.72470758,56.90398969,0.668739778
DISCA,22.13,21.09508679,-4.676516977,2.121544642,18.97354215,23.21663144,0.919669444
DISCK,20.27,17.64995935,-12.92570623,3.028474038,14.62148531,20.67843338,0.360373767
DISH,33.89,31.43590159,-7.241364441,5.029635165,26.40626643,36.46553676,0.861859031
DG,197.8,200.0247133,1.124728674,8.626349187,191.3983641,208.6510625,0.930739727
DLTR,98.91,96.23806393,-2.701381128,4.599104168,91.63895976,100.8371681,0.953431665
D,77.7,84.36359074,8.576049864,3.557401491,80.80618925,87.92099224,0.922847033
DPZ,418.33,398.8171209,-4.664470419,11.89098816,386.9261327,410.7081091,0.982670303
DOV,109.99,96.64048327,-12.13702766,5.237694524,91.40278875,101.8781778,0.931881639
DTE,115.46,118.7209881,2.82434447,6.098178897,112.6228092,124.819167,0.938699523
DUK,81.04,83.58087374,3.135332842,4.008518527,79.57235521,87.58939226,0.908518523
DRE,38.1,40.37164651,5.962326803,1.062834291,39.30881222,41.4344808,0.982961324
DD,56.11,53.02984835,-5.489487881,4.736473881,48.29337447,57.76632223,0.943768601
DXC,19.13,18.69484497,-2.274725716,3.710750209,14.98409476,22.40559518,0.980573001
ETFC,52.7,48.48123065,-8.005254932,3.1528947,45.32833595,51.63412535,0.963033471
EMN,71.45,71.56426091,0.159917301,5.579010645,65.98525027,77.14327156,0.882651794
ETN,99.47,95.56548283,-3.92532137,3.583370394,91.98211244,99.14885323,0.94969072
EBAY,57.66,55.73959534,-3.33056652,2.527290435,53.21230491,58.26688578,0.890437786
ECL,194.41,185.036872,-4.821319911,7.804421809,177.2324502,192.8412938,0.950451776
EIX,51.24,57.22292855,11.67628522,4.884882418,52.33804613,62.10781096,0.85243087
EW,79.1,80.43227109,1.684287086,3.394733854,77.03753723,83.82700494,0.97427191
EA,143.48,144.9861623,1.049736793,5.783089297,139.2030731,150.7692516,0.9804074
EMR,67.66,63.83893767,-5.647446549,3.80052942,60.03840824,67.63946709,0.857575184
ETR,97.71,105.3224562,7.790867056,6.998180162,98.32427604,112.3206364,0.848179519
EOG,44.1,52.15980877,18.27621037,8.968798066,43.19101071,61.12860684,0.82056028
EFX,161.46,160.3512123,-0.686725963,7.523533641,152.8276786,167.8747459,0.950570926
EQIX,784.91,823.5383832,4.921377378,30.59271214,792.945671,854.1310953,0.961190731
EQR,55.25,49.02473011,-11.26745681,3.756857972,45.26787214,52.78158808,0.89843797
ESS,212.51,210.6021859,-0.897752626,17.49330616,193.1088797,228.0954921,0.895216023
EL,198.27,201.3334164,1.545073082,7.15043041,194.182986,208.4838468,0.970983487
EVRG,50.78,65.72310475,29.42714603,3.097365502,62.62573925,68.82047025,0.94396583
ES,85.67,91.31943509,6.594414724,2.992862531,88.32657256,94.31229763,0.966286757
RE,216.36,235.3158469,8.761252955,15.29308499,220.0227619,250.6089319,0.923132148
EXC,36.31,38.74473053,6.705399434,2.195817282,36.54891325,40.94054782,0.894189063
EXPE,88.67,86.27135334,-2.705138897,13.09259935,73.17875399,99.36395269,0.819571523
EXPD,86.86,81.72231366,-5.914904838,2.947014255,78.7752994,84.66932791,0.953740888
EXR,104.16,106.6081498,2.350374185,3.512966604,103.0951831,110.1211164,0.981501866
XOM,41.32,39.80190696,-3.673990895,4.242568455,35.55933851,44.04447542,0.683394273
FFIV,134.34,130.0218535,-3.214341591,10.93661101,119.0852425,140.9584645,0.831529652
FB,269.01,280.0066304,4.087814746,13.00932759,266.9973029,293.015958,0.207408817
FAST,48.2,44.28865069,-8.11483259,1.566827907,42.72182278,45.8554786,0.887593862
FRT,80.51,72.56769131,-9.864996516,9.269003345,63.29868796,81.83669465,0.810422755
FDX,208.82,171.1873315,-18.02158247,9.506499309,161.6808322,180.6938308,0.969701177
FIS,141.24,149.9066155,6.136091374,5.204834451,144.701781,155.1114499,0.970980246
FITB,19.78,19.28807058,-2.487004128,2.57321123,16.71485935,21.86128181,0.839543504
FE,28.36,32.98767889,16.31762654,2.216285436,30.77139345,35.20396432,0.837245158
FRC,112.81,112.6687496,-0.125210895,5.487117925,107.1816317,118.1558675,0.463403957
FISV,97,98.49159831,1.537730217,4.365462279,94.12613603,102.8570606,0.973626177
FLT,241.21,280.9876408,16.49087551,27.0156437,253.9719971,308.0032845,0.851604277
FLIR,36.15,40.84190185,12.97898161,2.477652874,38.36424898,43.31955473,0.94837437
FLS,29.53,29.57041178,0.136849929,4.180086571,25.39032521,33.75049836,0.866291802
FMC,107.89,104.6335788,-3.018279023,4.99941262,99.63416614,109.6329914,0.917305782
F,6.84,7.058181211,3.18978378,0.784861834,6.273319377,7.843043044,0.799416389
FTNT,133.59,137.4538854,2.892346311,9.077484927,128.3764005,146.5313704,0.859769441
FTV,71.89,71.7568744,-0.185179574,6.928095274,64.82877913,78.68496968,-0.595270243
FBHS,83.14,83.01376399,-0.151835466,5.764695912,77.24906808,88.7784599,0.064273766
BEN,21.17,18.63975154,-11.95204753,1.820054446,16.81969709,20.45980598,0.920596741
FCX,14.7,16.47049367,12.04417464,2.472585707,13.99790797,18.94307938,0.925156166
GRMN,102.94,98.87826627,-3.945729293,3.443239708,95.43502656,102.321506,0.974000862
IT,127.76,129.7111615,1.527208437,9.76762013,119.9435414,139.4787816,0.914505773
GD,150.94,142.5982995,-5.526500919,9.803884509,132.794415,152.402184,0.966149594
GE,6.27,5.216893607,-16.79595524,1.265305798,3.951587808,6.482199405,0.954600934
GIS,64.21,65.51713512,2.035718916,3.459765457,62.05736966,68.97690057,0.865297159
GM,28.83,21.60544584,-25.05915421,3.211332502,18.39411334,24.81677834,0.10944928
GPC,92.22,88.25377404,-4.300830578,6.222464832,82.03130921,94.47623887,0.84839241
GILD,66.05,69.81128997,5.694610097,6.070592196,63.74069777,75.88188217,0.911346026
GL,81.16,79.03928668,-2.613003102,4.112587994,74.92669869,83.15187468,0.963954607
GPN,167.76,185.0554664,10.30964853,9.826365817,175.2291006,194.8818322,0.951165334
GS,201.85,211.1146636,4.589875445,11.40001503,199.7146486,222.5146786,0.938539436
GWW,354.25,342.1236107,-3.423116256,12.69225906,329.4313516,354.8158697,0.908997465
HRB,14.34,14.91365498,4.000383429,1.974145665,12.93950932,16.88780065,0.852971499
HAL,16.01,17.49971904,9.304928422,4.215383503,13.28433554,21.71510254,0.853268849
HBI,15.65,12.49875108,-20.13577583,1.547786828,10.95096425,14.04653791,0.890807535
HIG,40.29,44.09412298,9.44185402,3.415108834,40.67901415,47.50923182,0.9363048
HAS,77.45,77.58608331,0.17570472,5.21026637,72.37581694,82.79634968,0.959988208
HCA,131.15,163.1489243,24.39872229,12.99927587,150.1496484,176.1482001,0.757183368
PEAK,27.41,27.06693867,-1.251591861,1.86814623,25.19879244,28.9350849,0.683621651
HSIC,65.14,73.45020366,12.75745112,4.733893056,68.7163106,78.18409671,0.888137142
HSY,147.74,145.4281205,-1.564829755,5.926215704,139.5019048,151.3543362,0.941879709
HES,48.14,49.48054807,2.784686487,6.785908067,42.69464001,56.26645614,0.730593877
HPE,9.26,8.691939351,-6.134564249,2.06821974,6.62371961,10.76015909,0.357869584
HLT,85.1,78.3673086,-7.911505762,7.510881691,70.85642691,85.87819029,0.698644876
HFC,25.35,25.57233902,0.877076989,5.965390901,19.60694812,31.53772992,0.75893728
HOLX,67.08,69.32241522,3.342896873,3.375296847,65.94711838,72.69771207,0.883526382
HD,280.68,274.9333626,-2.047398259,8.459743146,266.4736194,283.3931057,0.977341006
HON,156.17,151.9636955,-2.693413916,7.194007159,144.7696883,159.1577026,0.962674704
HRL,52.55,51.95800374,-1.126539038,1.486236163,50.47176757,53.4442399,0.980242078
HST,10.74,10.6259147,-1.062246734,1.283113778,9.342800923,11.90902848,0.758449866
HPQ,18.15,16.00913492,-11.7953999,1.322872601,14.68626232,17.33200752,0.933406929
HUM,413.96,398.2141085,-3.80372294,14.71792675,383.4961818,412.9320353,0.976337436
HBAN,9.2,9.013444788,-2.027774043,1.115941455,7.897503333,10.12938624,0.877690662
HII,159.54,183.6182628,15.09230465,19.82223137,163.7960315,203.4404942,0.711060116
IEX,176.28,163.7808337,-7.090518687,4.920417011,158.8604166,168.7012507,0.984309312
IDXX,383.33,410.9609218,7.208129248,9.755187089,401.2057348,420.7161089,0.981427203
INFO,81.83,86.09702182,5.214495683,3.485365676,82.61165614,89.58238749,0.892029119
ITW,193.74,187.1180308,-3.417966956,8.973072314,178.1449585,196.0911031,0.954286588
ILMN,354.6,387.4631913,9.267679455,21.4171086,366.0460828,408.8802999,0.955231051
INCY,95.53,98.55529825,3.166856748,12.12930677,86.42599148,110.684605,0.85911395
IR,34.63,61.27385546,76.93865279,4.660950093,56.61290537,65.93480555,-0.754126149
INTC,49.17,43.18636585,-12.16927832,3.199519053,39.9868468,46.3858849,0.946696113
ICE,103.75,96.80725627,-6.691801185,4.043163161,92.76409311,100.8504194,0.962636274
IBM,123.15,126.9076254,3.051258912,10.61072826,116.2968971,137.5183536,0.414590041
IP,35.68,31.70420431,-11.14292515,2.328839046,29.37536526,34.03304335,0.926419171
IPG,17.8,18.15946248,2.019452149,1.493879438,16.66558304,19.65334192,0.893465291
IFF,120.69,125.5668051,4.040769837,8.298167538,117.2686376,133.8649727,0.922293823
INTU,320.06,307.9325467,-3.789118695,13.46156637,294.4709803,321.3941131,0.955194314
ISRG,693.05,705.2661718,1.762668176,25.85801023,679.4081616,731.124182,0.974672083
IVZ,10.02,11.43188089,14.09062761,2.238595206,9.193285681,13.67047609,0.800652667
IPGP,150.44,177.9272273,18.27122261,16.80472769,161.1224996,194.731955,0.922139066
IQV,157.96,161.7395861,2.392748853,18.97405811,142.765528,180.7136442,-0.459347989
IRM,30.1,29.37256757,-2.416719032,2.135867228,27.23670034,31.5084348,0.872118997
JKHY,168.2,187.9617586,11.74896468,4.201294037,183.7604646,192.1630526,0.991348186
J,89.03,86.44898633,-2.899038158,4.345551137,82.10343519,90.79453747,0.886076428
JBHT,138.72,135.4390918,-2.365129903,4.696608582,130.7424832,140.1357004,0.958540258
SJM,111.9,109.9713998,-1.723503282,4.621332524,105.3500673,114.5927324,0.943026465
JNJ,151.42,146.4195725,-3.302356035,4.349904837,142.0696677,150.7694773,0.976388317
JCI,40.11,40.55009407,1.09721782,2.233987505,38.31610656,42.78408157,0.875744141
JPM,97.37,101.3944369,4.133138427,6.957309341,94.43712755,108.3517462,0.940299339
JNPR,23.69,24.00121546,1.313699722,2.218322637,21.78289283,26.2195381,0.834604158
KSU,180.82,191.8793002,6.116193012,8.038503804,183.8407964,199.917804,0.830385249
K,68.74,74.89573031,8.955092095,2.862062851,72.03366745,77.75779316,0.910869215
KEY,11.99,11.81865352,-1.429078266,1.390020382,10.42863313,13.2086739,0.900219257
KEYS,102.82,102.4061763,-0.402473949,7.297100548,95.10907574,109.7032768,0.896388084
KMB,157.57,154.7699528,-1.777017985,5.019558487,149.7503943,159.7895112,0.952716741
KIM,11.55,7.999268069,-30.7422678,1.748364096,6.250903973,9.747632165,0.791390782
KMI,14.06,15.08749914,7.307959739,1.012343832,14.07515531,16.09984297,0.825378153
KLAC,206.85,207.2255339,0.181548876,7.03877464,200.1867592,214.2643085,0.963452316
KSS,19,19.01954372,0.102861685,5.881316847,13.13822687,24.90086057,0.699540721
KHC,34.85,33.68629155,-3.339192122,7.580514956,26.10577659,41.2668065,0.443213519
KR,35.92,35.94673698,0.074434801,1.921133075,34.02560391,37.86787006,0.948798838
LB,29.57,21.50377724,-27.27839961,4.558529005,16.94524823,26.06230624,0.917207469
LHX,178.96,176.5135492,-1.367037796,7.967930967,168.5456182,184.4814801,0.974579345
LH,181.68,210.6414735,15.94092553,11.70433466,198.9371388,222.3458082,0.855234725
LRCX,358.5,422.9130729,17.96738436,21.09676521,401.8163077,444.0098381,0.915719302
LW,62.34,51.00367118,-18.1846789,5.593150522,45.41052065,56.5968217,0.689031243
LVS,47.46,42.72131557,-9.98458583,4.586414477,38.13490109,47.30773004,0.860761405
LEG,39.21,37.64372873,-3.994570942,3.348846818,34.29488192,40.99257555,0.900012488
LDOS,91.02,98.35530516,8.059003697,5.02551156,93.3297936,103.3808167,0.957295177
LEN,76.94,81.1617986,5.487131016,5.910617098,75.25118151,87.0724157,0.696414154
LLY,151.34,143.6677515,-5.069544429,3.811162674,139.8565888,147.4789141,0.982625818
LNC,35.75,38.28109283,7.079979937,5.523012055,32.75808077,43.80410488,0.898199288
LIN,245.31,246.0522581,0.302579634,5.658703584,240.3935545,251.7109617,0.965600349
LYV,51.55,42.35248187,-17.84193623,3.431820098,38.92066177,45.78430197,0.938022657
LKQ,30.945,26.01130891,-15.94341925,3.088982316,22.9223266,29.10029123,0.587472922
LMT,387.88,393.4494274,1.43586351,14.42295771,379.0264697,407.8723851,0.97919345
L,35.61,37.3011926,4.749206963,3.25308688,34.04810572,40.55427948,0.584426639
LOW,158.58,155.7985051,-1.754001065,5.956837441,149.8416677,161.7553426,0.947238046
LYB,65.95,55.71429954,-15.52039493,7.45459572,48.25970382,63.16889526,-0.135168543
MTB,101.67,98.45148285,-3.165650777,11.95161234,86.49987051,110.4030952,0.889664843
MRO,5.51,6.592391982,19.6441376,2.172557645,4.419834337,8.764949626,0.932865913
MPC,35.62,37.41933854,5.051483842,8.643773477,28.77556507,46.06311202,0.667645661
MKTX,501.37,511.760624,2.072446301,9.630483525,502.1301405,521.3911075,0.989724604
MAR,94.02,76.02207617,-19.14265457,9.431213,66.59086317,85.45328917,0.940431319
MMC,116.05,116.55798,0.437725153,4.732483866,111.8254962,121.2904639,0.959460054
MLM,209.19,207.0811939,-1.0080817,12.49485698,194.5863369,219.5760509,0.953312151
MAS,58,59.91267682,3.297718649,2.374047098,57.53862972,62.28672391,0.955462957
MA,337.32,308.8473318,-8.440847931,16.53880961,292.3085221,325.3861414,0.955668411
MKC,202.89,196.7854783,-3.008783941,6.05054244,190.7349358,202.8360207,0.965069376
MXIM,68.995,67.41224389,-2.294015671,3.042653324,64.36959056,70.45489721,0.946443229
MCD,209.88,197.4694954,-5.913143016,7.444323483,190.025172,204.9138189,0.967093392
MCK,151.89,147.0240597,-3.20359488,12.39032582,134.6337339,159.4143856,0.870358006
MDT,100.28,102.1693303,1.884054988,3.648940464,98.52038988,105.8182708,0.968448771
MRK,85.03,79.28093963,-6.761214128,2.785135621,76.49580401,82.06607525,0.961121623
MET,37.62,38.97266407,3.595598275,4.049136325,34.92352775,43.0218004,0.806930613
MTD,959.34,951.8017785,-0.785771626,33.55021982,918.2515587,985.3519983,0.971056957
MGM,20.83,12.27059463,-41.09172043,3.037764755,9.232829879,15.30835939,0.848576611
MCHP,104.92,95.92528321,-8.572928694,6.54999123,89.37529198,102.4752744,0.925306145
MU,42.985,50.19652003,16.77682919,5.264608105,44.93191192,55.46112813,0.897603143
MSFT,214.58,211.4886518,-1.44065067,3.922048986,207.5666028,215.4107008,0.988971017
MAA,114.83,121.1598947,5.512404992,8.487911278,112.6719834,129.6478059,0.860292914
MHK,89.85,66.40319167,-26.09550176,16.33798916,50.06520251,82.74118083,0.935556846
TAP,37.16,32.9860264,-11.23243702,4.774359355,28.21166705,37.76038576,0.948634162
MDLZ,57.24,55.71026467,-2.672493581,1.889850089,53.82041458,57.60011476,0.960846234
MNST,83.01,77.34086983,-6.829454485,3.961869777,73.37900006,81.30273961,0.950971697
MCO,283.46,297.0634332,4.799066238,10.65054962,286.4128835,307.7139828,0.961561086
MS,50.8,51.50902548,1.39571945,3.065332227,48.44369325,54.57435771,0.939548102
MOS,17.81,11.71888318,-34.20054365,2.485625898,9.233257278,14.20450907,0.953254778
MSI,151.61,138.9746213,-8.334132785,9.529525226,129.4450961,148.5041465,0.909367529
MSCI,368.74,382.2735914,3.67022601,10.77483599,371.4987554,393.0484274,0.965629991
MYL,16.34,14.10952532,-13.65039582,3.774677483,10.33484784,17.88420281,0.879097781
NDAQ,130.46,129.0346537,-1.092554284,4.952728283,124.0819254,133.987382,0.966492504
NOV,12.03,12.41448301,3.196035007,3.678750842,8.73573217,16.09323385,0.948614814
NTAP,41.42,40.75370395,-1.608633627,3.096529319,37.65717463,43.85023327,0.945470263
NFLX,497.9,511.4308063,2.717575069,17.34857603,494.0822302,528.7793823,0.983084783
NWL,16.38,18.31351897,11.80414514,2.331075489,15.98244349,20.64459446,0.949981327
NEM,67.23,67.72172702,0.731410109,3.708418806,64.01330821,71.43014582,0.849897249
NWSA,15.14,12.53232168,-17.22376695,1.27140793,11.26091375,13.80372961,0.779259005
NWS,15.19,12.28146616,-19.14768822,1.618563876,10.66290228,13.90003004,-0.197636227
NEE,282.11,291.9662683,3.493767775,9.295003012,282.6712653,301.2612713,0.970702588
NLSN,15.44,11.84100779,-23.30953501,3.733947713,8.107060081,15.57495551,0.850505212
NKE,108.01,99.26401695,-8.097382699,2.934110832,96.32990611,102.1981278,0.980940094
NI,22.97,24.85668271,8.213681793,1.01224392,23.84443879,25.86892663,0.982244595
NBL,10.01,15.86101151,58.4516634,4.026787471,11.83422404,19.88779898,0.914111976
NSC,206.23,194.7635924,-5.560009518,9.684144208,185.0794482,204.4477366,0.941055651
NTRS,81.43,79.0443246,-2.929725406,4.744418114,74.29990649,83.78874272,0.954869729
NOC,336.67,328.6195895,-2.391187367,10.44001434,318.1795752,339.0596038,0.990150369
NCLH,15.58,155.1392701,895.7591148,36.68524698,118.4540231,191.8245171,-3.935135374
NRG,34.65,34.40117649,-0.718105374,2.24913291,32.15204358,36.6503094,0.951771904
NUE,45.65,42.10584551,-7.763755738,2.834151034,39.27169447,44.93999654,0.920573111
NVDA,485.64,432.5201937,-10.9381036,18.35235353,414.1678402,450.8725472,0.973399021
NVR,4155.62,4318.033031,3.908274369,265.0391222,4052.993909,4583.072153,0.921608512
ORLY,461.99,498.8015843,7.968047851,18.49183,480.3097543,517.2934143,0.962191297
OXY,13.4,16.13373477,20.40100574,4.749688832,11.38404594,20.8834236,0.828961303
ODFL,195.82,183.7899661,-6.143414289,4.751733099,179.038233,188.5416992,0.979882691
OMC,52.86,52.67601609,-0.348058863,3.6143166,49.06169949,56.29033268,0.912490905
OKE,27.55,28.60296946,3.822030723,8.811650811,19.79131865,37.41462027,0.545871498
ORCL,55.26,56.36828779,2.005587756,1.895353769,54.47293403,58.26364156,0.946168336
PCAR,87.18,82.81027363,-5.012303705,3.305119226,79.5051544,86.11539286,0.922500977
PKG,96.72,93.21534064,-3.623510506,5.404826812,87.81051383,98.62016745,0.977218698
PH,204.87,176.9854672,-13.61084237,15.49919766,161.4862696,192.4846649,0.852989755
PAYX,74.04,74.26886232,0.309106323,3.716039926,70.5528224,77.98490225,0.952245292
PAYC,293.43,285.094674,-2.840652276,33.9619748,251.1326992,319.0566488,0.852747217
PYPL,198.18,163.0278847,-17.73746861,16.62918947,146.3986952,179.6570742,0.676907872
PNR,45.99,42.44896599,-7.699573838,3.122838668,39.32612732,45.57180466,0.796939662
PBCT,10.51,12.13354991,15.44766804,1.118872453,11.01467746,13.25242236,0.860535427
PEP,136.72,137.784302,0.778453767,5.061769475,132.7225325,142.8460715,0.951760801
PKI,116.77,115.3984176,-1.17460168,4.044148074,111.3542695,119.4425657,0.962632688
PRGO,53.09,50.70114424,-4.499634136,6.912598343,43.78854589,57.61374258,0.959120555
PFE,38.72,37.33624762,-3.573740663,1.294696056,36.04155156,38.63094367,0.961671248
PM,78.22,71.4256479,-8.686208254,5.95061918,65.47502872,77.37626708,-0.10026092
PSX,60.97,60.7933149,-0.289790226,9.360145082,51.43316982,70.15345998,-0.091702504
PNW,74.97,86.76165724,15.72850105,4.512859852,82.24879738,91.27451709,0.928418214
PXD,102.67,93.25724496,-9.16797023,18.27033977,74.9869052,111.5275847,0.728158946
PNC,106.08,108.6575229,2.429791579,8.314588689,100.3429342,116.9721116,0.937223614
PPG,118.24,102.7097389,-13.13452392,6.071708205,96.63803072,108.7814471,0.938595694
PPL,28.02,26.82142467,-4.277570787,1.791436795,25.02998787,28.61286146,0.881427944
PFG,43.14,44.35443228,2.81509568,4.03149934,40.32293294,48.38593162,0.912463768
PG,136.85,134.5959407,-1.647102186,3.341168118,131.2547725,137.9371088,0.959459714
PGR,90.84,93.26576848,2.670374813,3.111058296,90.15471018,96.37682678,0.97223776
PLD,102.69,105.4911522,2.727775032,2.241227132,103.249925,107.7323793,0.983976104
PRU,68.13,66.21264052,-2.814266086,7.232522362,58.98011815,73.44516288,0.870396511
PEG,53.85,56.9541816,5.764496933,2.445850415,54.50833118,59.40003201,0.948188689
PSA,203.26,200.2494117,-1.481151385,8.451992444,191.7974193,208.7014041,0.95946645
PHM,46.34,46.45462337,0.247352986,3.479152894,42.97547048,49.93377627,0.7695225
PVH,50.18,59.40011427,18.37408184,10.59565476,48.80445951,69.99576902,0.839409277
QRVO,130.72,143.5903831,9.84576428,16.90360896,126.6867741,160.493992,0.236897008
PWR,49.77,39.78858732,-20.05507871,1.887781818,37.90080551,41.67636914,0.897514692
QCOM,110.66,106.6107706,-3.65916263,4.853160944,101.7576097,111.4639316,0.767450819
DGX,117.91,130.055115,10.30032648,6.524996423,123.5301185,136.5801114,0.897238415
RL,67.27,70.33527334,4.556672134,11.33262145,59.0026519,81.66789479,0.822229821
RJF,73.72,69.57705521,-5.619838295,6.678063642,62.89899157,76.25511885,0.894616526
RTX,60.99,53.83403401,-11.73301523,4.495040784,49.33899323,58.32907479,0.894031896
O,61.01,56.44013948,-7.490346694,5.124636248,51.31550323,61.56477573,0.847087256
REG,41.15,37.63200768,-8.549191545,4.560580599,33.07142708,42.19258828,0.852979136
REGN,616.89,641.2902532,3.955365327,34.62721173,606.6630414,675.9174649,0.902276276
RF,11.08,10.8352217,-2.209190453,0.898399203,9.936822495,11.7336209,0.955390663
RSG,88.99,88.06813898,-1.035915289,3.276996315,84.79114267,91.3451353,0.977127285
RMD,180.97,217.7875253,20.34454621,4.906230677,212.8812946,222.6937559,0.978625349
RHI,56.11,48.51893128,-13.52890522,4.044677207,44.47425408,52.56360849,0.896064966
ROK,226.83,218.3982179,-3.717225258,10.73614009,207.6620779,229.134358,0.938438873
ROL,54.84,56.89286917,3.743379235,1.536179743,55.35668943,58.42904892,0.978044459
ROP,434.8,447.6436235,2.953915258,15.85316564,431.7904579,463.4967892,0.960798429
ROST,87.46,92.10521996,5.311250809,5.822440863,86.28277909,97.92766082,0.947483238
RCL,61.53,42.87976409,-30.31080109,11.9896155,30.89014859,54.86937959,0.890489185
SPGI,361.22,358.159352,-0.847308573,8.264019151,349.8953328,366.4233711,0.984786169
SBAC,299.81,308.1166319,2.770632029,7.929554277,300.1870776,316.0461862,0.98682644
SLB,18.77,22.60711079,20.44278526,4.683622356,17.92348844,27.29073315,0.890694433
STX,45.04,45.05297962,0.028817975,3.490305572,41.56267404,48.54328519,0.862208216
SEE,41.07,34.94452902,-14.91470898,2.266137691,32.67839133,37.21066671,0.960028135
SRE,126.22,119.1678931,-5.587154853,7.712259087,111.4556341,126.8801522,0.900412014
NOW,453.34,460.7312388,1.630396343,31.48863933,429.2425994,492.2198781,0.89015549
SHW,667.55,675.8550273,1.244105658,18.28956987,657.5654574,694.1445972,0.979175808
SPG,64.87,44.24446181,-31.79518758,14.60538635,29.63907547,58.84984816,0.739524562
SWKS,140.63,146.7648736,4.362421642,10.15753425,136.6073393,156.9224078,0.891606594
SLG,47.23,48.65195441,3.010701685,9.384210421,39.26774398,58.03616483,0.543614021
SNA,148.87,140.5974812,-5.556874332,9.935917105,130.6615641,150.5333983,0.935409298
SO,52.25,51.72925856,-0.996634334,2.072352209,49.65690635,53.80161077,0.931262364
LUV,34.46,29.99934672,-12.94443784,3.350361082,26.64898564,33.3497078,0.9716955
SWK,158.15,161.8942015,2.367500145,12.32914461,149.5650569,174.2233461,0.869223277
SBUX,77.22,73.29169181,-5.087164188,3.380206813,69.911485,76.67189863,0.963132536
STT,67.93,63.86640138,-5.982038305,5.346985608,58.51941577,69.21338699,0.915552797
STE,154.66,169.3597584,9.504563821,6.908327047,162.4514314,176.2680855,0.958472441
SYK,187.86,196.5956594,4.65009017,10.77999746,185.8156619,207.3756569,0.949510793
SIVB,240.71,222.4935526,-7.567798349,26.33821505,196.1553375,248.8317676,0.884338009
SYF,23.94,24.66583235,3.031881143,4.413555645,20.2522767,29.07938799,-0.825053296
SNPS,215.16,203.7443477,-5.305657304,4.028118361,199.7162294,207.7724661,0.985793081
SYY,57.93,54.00459721,-6.776113913,5.403060622,48.60153659,59.40765783,0.88157217
TMUS,115.4,104.5136844,-9.433549084,3.75502389,100.7586605,108.2687082,0.890129932
TROW,136.3,147.2675046,8.046591805,7.640954128,139.6265505,154.9084588,0.874541702
TTWO,174.43,158.9503474,-8.87442105,7.255994062,151.6943533,166.2063414,0.970929359
TPR,14.36,15.9869902,11.33001531,3.285694026,12.70129617,19.27268422,0.864399937
TGT,152.24,130.7205983,-14.13518244,4.861099332,125.8594989,135.5816976,0.916741701
TEL,92.39,98.82156435,6.96132087,4.87216867,93.94939568,103.693733,0.845181697
FTI,7.72,10.05349207,30.2265812,2.8978991,7.155592968,12.95139117,0.902228668
TDY,313.24,265.6253301,-15.20069911,14.4765612,251.1487689,280.1018913,0.966340625
TFX,370.75,371.9486617,0.323307275,12.85081911,359.0978426,384.7994808,0.979451934
TXN,138.57,129.7560688,-6.360634445,4.962658807,124.79341,134.7187277,0.974887148
TXT,37.42,37.78748517,0.98205551,4.618846597,33.16863858,42.40633177,0.858494541
TMO,422.11,409.9986832,-2.869232374,6.278014815,403.7206684,416.276698,0.992196416
TIF,126.8,120.5476981,-4.930837455,7.557169671,112.9905284,128.1048678,0.886352768
TJX,51.65,54.22232371,4.980297604,2.531171752,51.69115196,56.75349546,0.949672306
TSCO,151.93,147.3605068,-3.007630631,5.744893718,141.6156131,153.1054005,0.861467847
TDG,482.83,383.1825316,-20.63820981,86.84833919,296.3341924,470.0308708,0.530390273
TRV,112.53,119.6120066,6.293438718,6.285537233,113.3264694,125.8975438,0.954235628
TFC,37.21,39.23395865,5.439286887,3.282310617,35.95164803,42.51626927,0.878716298
TWTR,38.96,29.35468175,-24.65430763,8.60677618,20.74790557,37.96145793,-32.66231726
TYL,339.5,387.8492107,14.24129918,12.06027268,375.788938,399.9094834,0.973899432
TSN,62.9,62.97999661,0.127180627,2.958659364,60.02133725,65.93865598,0.98162459
UDR,34.4,35.40607832,2.924646284,2.760400972,32.64567735,38.16647929,0.891115687
ULTA,205.4,167.9211474,-18.24676367,40.64549276,127.2756547,208.5666402,0.068330316
USB,35.61,38.4071322,7.854906484,3.086197719,35.32093448,41.49332992,0.884033828
UAA,9.76,10.86692044,11.34139799,3.148951672,7.717968772,14.01587212,0.935035413
UA,8.79,9.156315629,4.167413301,5.542832686,3.613482943,14.69914831,-0.451566424
UNP,189.92,177.9532525,-6.300941176,7.596670308,170.3565822,185.5499228,0.955879355
UAL,34.05,-25.64705885,-175.3217587,7.904344576,-33.55140343,-17.74271427,0.852577587
UNH,313.33,306.0602143,-2.320169066,9.96694056,296.0932737,316.0271548,0.98328451
UPS,158.54,139.0206087,-12.31196628,6.72695112,132.2936575,145.7475598,0.914658081
URI,174.55,146.1212834,-16.28686142,13.00399581,133.1172876,159.1252792,0.920581113
UHS,110.22,107.8706687,-2.131492784,6.664293357,101.2063753,114.534962,0.956920057
UNM,18,16.85751185,-6.347156364,3.481158143,13.37635371,20.33867,0.887204957
VFC,61,59.74006781,-2.065462607,5.302857338,54.43721047,65.04292515,0.90744675
VLO,52.7,55.43626174,5.192147522,7.28368829,48.15257345,62.71995003,0.915786509
VAR,172.75,148.8362433,-13.84298507,5.551095108,143.2851482,154.3873384,0.95528465
VTR,41.13,41.73419753,1.46899472,6.567731616,35.16646591,48.30192914,0.329837954
VRSN,208.16,217.6297167,4.549249015,5.069252352,212.5604644,222.6989691,0.986558954
VRSK,185.86,187.9140096,1.105138036,7.467463332,180.4465462,195.3814729,0.930319485
VZ,58.96,57.72781883,-2.089859512,2.605463813,55.12235502,60.33328264,0.888936636
VRTX,271.43,278.5098723,2.608360294,13.12347758,265.3863948,291.6333499,0.943702638
V,204.15,201.1109164,-1.488652283,6.007884844,195.1030315,207.1188012,0.976595858
VNO,34.72,29.38546585,-15.36444168,4.30630757,25.07915828,33.69177342,0.842716572
VMC,126.11,118.5266549,-6.013278178,5.942680508,112.5839744,124.4693354,0.967605174
WRB,60.16,69.92461463,16.23107486,4.954936633,64.969678,74.87955127,0.857690975
WAB,65.32,66.4543092,1.736541942,6.399850556,60.05445864,72.85415975,0.872306145
WMT,130.57,132.8423639,1.740341536,4.727981742,128.1143822,137.5703457,0.934742071
WBA,39.71,41.6870686,4.978767562,3.514038239,38.17303036,45.20110684,0.974823726
DIS,128.12,117.2210181,-8.506854444,7.803417663,109.4176004,125.0244357,0.921997388
WM,110.15,113.3239238,2.881456011,4.612088307,108.7118355,117.9360121,0.969691581
WAT,214.73,204.5063378,-4.761170868,8.63414716,195.8721906,213.140485,0.96828827
WEC,91.29,94.59213024,3.617187254,3.362865341,91.2292649,97.95499558,0.963678747
WFC,23.75,22.87986272,-3.663735924,3.911016342,18.96884638,26.79087906,0.826830244
WELL,55.08,52.89462508,-3.967637838,5.566571783,47.3280533,58.46119686,0.776803597
WST,275.47,298.2317888,8.26289208,5.823799971,292.4079888,304.0555888,0.978958623
WDC,34.1,43.28263519,26.92854895,6.997218159,36.28541703,50.27985335,0.861968672
WU,23.37,26.3472984,12.73983056,1.156865497,25.19043291,27.5041639,0.862469645
WRK,28.79,23.60212002,-18.01972902,3.165312505,20.43680751,26.76743252,0.892557811
WY,29,27.76816565,-4.24770467,2.056025262,25.71214038,29.82419091,0.849737485
WHR,182.92,170.4884963,-6.796142434,13.57939187,156.9091044,184.0678881,0.844438119
WMB,21.4,19.34270895,-9.613509587,2.194941594,17.14776735,21.53765054,0.87394601
WLTW,202.1,213.3112135,5.547359457,7.305674531,206.0055389,220.616888,0.951548892
WYNN,80.28,57.11481384,-28.85548849,15.22194842,41.89286542,72.33676227,0.847152141
XEL,69.01,69.13398773,0.17966633,2.256317252,66.87767048,71.39030499,0.968234057
XRX,18.75,15.27818464,-18.51634859,3.127476835,12.1507078,18.40566148,0.590600431
XLNX,101.38,106.1938742,4.74834704,5.139933,101.0539412,111.3338072,0.949809136
XYL,79.38,73.13049675,-7.872893989,6.228640822,66.90185593,79.35913757,0.790757494
YUM,95.37,92.16006784,-3.365767184,6.734009373,85.42605846,98.89407721,0.865755526
ZBRA,276.55,286.8467595,3.723290357,11.74817532,275.0985842,298.5949348,0.956676692
ZBH,136.8,139.612096,2.055625761,10.36259828,129.2494978,149.9746943,0.805657132
ZION,32.13,35.01201246,8.96984893,3.239260404,31.77275206,38.25127287,0.927286644
ZTS,158.54,157.8627452,-0.427182276,9.373055546,148.4896897,167.2358008,0.849172169
